Workbook

Sheet Population by MSA
B1: Atlanta-Sandy Springs-Roswell, GA Metro Area | C1: Boston-Cambridge-Newton, MA-NH Metro Area | D1: Chicago-Naperville-Elgin, IL-IN Metro Area | E1: Dallas-Fort Worth-Arlington, TX Metro Area | F1: Denver-Aurora-Centennial, CO Metro Area | G1: Detroit-Warren-Dearborn, MI Metro Area | H1: Houston-Pasadena-The Woodlands, TX Metro Area | I1: Los Angeles-Long Beach-Anaheim, CA Metro Area | J1: Miami-Fort Lauderdale-West Palm Beach, FL Metro Area | K1: Minneapolis-St. Paul-Bloomington, MN-WI Metro Area | L1: New York-Newark-Jersey City, NY-NJ Metro Area | M1: Orlando-Kissimmee-Sanford, FL Metro Area | N1: Philadelphia-Camden-Wilmington, PA-NJ-DE-MD Metro Area | O1: Phoenix-Mesa-Chandler, AZ Metro Area | P1: Riverside-San Bernardino-Ontario, CA Metro Area | Q1: San Diego-Chula Vista-Carlsbad, CA Metro Area | R1: San Francisco-Oakland-Fremont, CA Metro Area | S1: Seattle-Tacoma-Bellevue, WA Metro Area | T1: Tampa-St. Petersburg-Clearwater, FL Metro Area | U1: Washington-Arlington-Alexandria, DC-VA-MD-WV Metro Area | X1: USA
A2: observation_date | B2: POP | C2: POP | D2: POP | E2: POP | F2: POP | G2: POP | H2: POP | I2: POP | J2: POP | K2: POP | L2: POP | M2: POP | N2: POP | O2: POP | P2: POP | Q2: POP | R2: POP | S2: POP | T2: POP | U2: POP | W2: observation_date | X2: POPTOTUSA647NWDB
A3: DATE | B3: =B1&B2 -> Atlanta-Sandy Springs-Roswell, GA Metro AreaPOP | C3: =C1&C2 -> Boston-Cambridge-Newton, MA-NH Metro AreaPOP | D3: =D1&D2 -> Chicago-Naperville-Elgin, IL-IN Metro AreaPOP | E3: =E1&E2 -> Dallas-Fort Worth-Arlington, TX Metro AreaPOP | F3: =F1&F2 -> Denver-Aurora-Centennial, CO Metro AreaPOP | G3: =G1&G2 -> Detroit-Warren-Dearborn, MI Metro AreaPOP | H3: =H1&H2 -> Houston-Pasadena-The Woodlands, TX Metro AreaPOP | I3: =I1&I2 -> Los Angeles-Long Beach-Anaheim, CA Metro AreaPOP | ... U3: =U1&U2 -> Washington-Arlington-Alexandria, DC-VA-MD-WV Metro AreaPOP
A4: 36526 | B4: 4281.905 | C4: 4402.611 | D4: 9117.732 | E4: 5196.188 | F4: 2194.022 | G4: 4457.471 | H4: 4739.414 | I4: 12398.95 | J4: 5025.806 | K4: 2981.616 | L4: 18352.743 | M4: 1656.835 | N4: 5693.275 | O4: 3278.661 | P4: 3277.578 | Q4: 2824.987 | R4: 4136.658 | S4: 3052.379 | T4: 2404.273 | U4: 4821.031 | W4: 21916 | X4: 180671000
A5: 36892 | B5: 4432.95 | C5: 4443.31 | D5: 9192.501 | E5: 5354.623 | F5: 2246.785 | G5: 4479.232 | H5: 4851.189 | I5: 12525.736 | J5: 5120.256 | K5: 3024.111 | L5: 18490.029 | M5: 1708.955 | N5: 5722.541 | O5: 3388.445 | P5: 3376.256 | Q5: 2867.094 | R5: 4179.628 | S5: 3094.38 | T5: 2442.189 | U5: 4927.274 | W5: 22282 | X5: 183691000
A6: 37257 | B6: 4555.49 | C6: 4459.011 | D6: 9245.135 | E6: 5476.578 | F6: 2276.25 | G6: 4486.067 | H6: 4978.638 | I6: 12634.977 | J6: 5212.602 | K6: 3053.303 | L6: 18590.085 | M6: 1756.852 | N6: 5755.874 | O6: 3496.957 | P6: 3483.348 | Q6: 2901.235 | R6: 4165.678 | S6: 3121.895 | T6: 2483.575 | U6: 5014.571 | W6: 22647 | X6: 186538000
A7: 37622 | B7: 4673.146 | C7: 4458.187 | D7: 9286.162 | E7: 5582.033 | F7: 2297.441 | G7: 4492.756 | H7: 5084.017 | I7: 12717.433 | J7: 5280.671 | K7: 3078.253 | L7: 18671.32 | M7: 1803.474 | N7: 5787.788 | O7: 3600.163 | P7: 3611.625 | Q7: 2926.814 | R7: 4153.143 | S7: 3138.938 | T7: 2522.78 | U7: 5086.376 | W7: 23012 | X7: 189242000
A8: 37987 | B8: 4802.3 | C8: 4456.479 | D8: 9332.09 | E8: 5689.982 | F8: 2321.712 | G8: 4498.311 | H8: 5190.444 | I8: 12764.59 | J8: 5362.678 | K8: 3106.569 | L8: 18747.431 | M8: 1866.597 | N8: 5822.876 | O8: 3723.359 | P8: 3745.32 | Q8: 2935.672 | R8: 4143.522 | S8: 3163.703 | T8: 2578.104 | U8: 5158.524 | W8: 23377 | X8: 191889000
A9: 38353 | B9: 4947.012 | C9: 4458.891 | D9: 9362.08 | E9: 5816.407 | F9: 2353.518 | G9: 4494.398 | H9: 5299.567 | I9: 12761.175 | J9: 5443.159 | K9: 3132.772 | L9: 18798.114 | M9: 1939.766 | N9: 5850.621 | O9: 3884.588 | P9: 3861.335 | Q9: 2941.77 | R9: 4149.607 | S9: 3202.388 | T9: 2638.814 | U9: 5229.267 | W9: 23743 | X9: 194303000
A10: 38718 | B10: 5119.641 | C10: 4473.477 | D10: 9398.855 | E10: 5999.411 | F10: 2399.62 | G10: 4484.542 | H10: 5484.883 | I10: 12713.66 | J10: 5466.743 | K10: 3167.666 | L10: 18825.633 | M10: 1999.994 | N10: 5880.912 | O10: 4046.571 | P10: 3968.504 | Q10: 2947.222 | R10: 4162.783 | S10: 3259.945 | T10: 2684.639 | U10: 5265.012 | W10: 24108 | X10: 196560000
A11: 39083 | B11: 5267.527 | C11: 4503.921 | D11: 9451.936 | E11: 6156.652 | F11: 2449.476 | G11: 4456.582 | H11: 5597.674 | I11: 12693.603 | J11: 5465.183 | K11: 3204.196 | L11: 18901.167 | M11: 2034.878 | N11: 5912.678 | O11: 4175.595 | P11: 4048.913 | Q11: 2975.656 | R11: 4202.186 | S11: 3307.36 | T11: 2711.222 | U11: 5313.033 | W11: 24473 | X11: 198712000
A12: 39448 | B12: 5385.586 | C12: 4544.705 | D12: 9515.636 | E12: 6301.085 | F12: 2500.384 | G12: 4423.781 | H12: 5726.705 | I12: 12768.395 | J12: 5501.752 | K12: 3237.612 | L12: 18968.501 | M12: 2060.968 | N12: 5940.496 | O12: 4287.323 | P12: 4092.831 | Q12: 3019.274 | R12: 4260.236 | S12: 3356.637 | T12: 2730.007 | U12: 5377.936 | W12: 24838 | X12: 200706000
A13: 39814 | B13: 5475.213 | C13: 4588.68 | D13: 9580.567 | E13: 6447.615 | F13: 2552.195 | G13: 4403.437 | H13: 5867.489 | I13: 12874.797 | J13: 5547.051 | K13: 3269.814 | L13: 19069.796 | M13: 2082.421 | N13: 5968.252 | O13: 4364.094 | P13: 4143.113 | Q13: 3053.793 | R13: 4317.853 | S13: 3407.848 | T13: 2747.272 | U13: 5476.241 | W13: 25204 | X13: 202677000
A14: 40179 | B14: 5302.733 | C14: 4566.448 | D14: 9470.661 | E14: 6392.097 | F14: 2554.588 | G14: 4291.281 | H14: 5947.185 | I14: 12838.023 | J14: 5583.46 | K14: 3340.07 | L14: 18923.437 | M14: 2139.227 | N14: 5971.202 | O14: 4204.289 | P14: 4242.365 | Q14: 3103.26 | R14: 4343.886 | S14: 3449.355 | T14: 2788.433 | U14: 5678.733 | W14: 25569 | X14: 205052000
A15: 40544 | B15: 5367.069 | C15: 4610.267 | D15: 9500.919 | E15: 6510.55 | F15: 2603.261 | G15: 4291.613 | H15: 6056.008 | I15: 12923.899 | J15: 5668.482 | K15: 3373.773 | L15: 19053.124 | M15: 2176.297 | N15: 5996.995 | O15: 4253.485 | P15: 4294.436 | Q15: 3137.236 | R15: 4396.273 | S15: 3504.376 | T15: 2813.619 | U15: 5783.752 | W15: 25934 | X15: 207661000
... A26: 44562 | B26: 6222.106 | C26: 4931.775 | D26: 9441.957 | E26: 7973.603 | F26: 2985.871 | G26: 4358.51 | H26: 7340.118 | I26: 12906.936 | J26: 6211.194 | K26: 3696.911 | L26: 19617.869 | M26: 2783.767 | N26: 6252.024 | O26: 5029.933 | P26: 4675.657 | Q26: 3283.755 | R26: 4579.599 | S26: 4040.08 | T26: 3306.285 | U26: 6289.81 | W26: 29952 | X26: 231664000
A27: 44927 | C27: 4967.266 | E27: 8166.11 | G27: 4369.59 | I27: 12886.4 | J27: 6334.517 | K27: 3722.476 | M27: 2864.544 | N27: 6280.902 | O27: 5102.02 | P27: 4704.354 | Q27: 3285.89 | S27: 4078.828 | T27: 3374.078 | U27: 6345.881 | W27: 30317 | X27: 233792000
A28: 45292 | C28: 5025.517 | E28: 8344.032 | G28: 4400.578 | I28: 12927.614 | J28: 6457.988 | K28: 3757.952 | M28: 2940.513 | N28: 6330.422 | O28: 5186.958 | P28: 4744.214 | Q28: 3298.799 | S28: 4145.494 | T28: 3424.56 | U28: 6436.489 | W28: 30682 | X28: 235825000
W29: 31048 | X29: 237924000
W30: 31413 | X30: 240133000
W31: 31778 | X31: 242289000
W32: 32143 | X32: 244499000
W33: 32509 | X33: 246819000
W34: 32874 | X34: 249623000
W35: 33239 | X35: 252981000
W36: 33604 | X36: 256514000
W37: 33970 | X37: 259919000
W38: 34335 | X38: 263126000
W39: 34700 | X39: 266278000
W40: 35065 | X40: 269394000
... W68: 45292 | X68: 340110988
B1048576: New York-Newark-Jersey City, NY-NJ Metro Area | C1048576: Los Angeles-Long Beach-Anaheim, CA Metro Area | D1048576: Chicago-Naperville-Elgin, IL-IN Metro Area | E1048576: Dallas-Fort Worth-Arlington, TX Metro Area | F1048576: Houston-Pasadena-The Woodlands, TX Metro Area | G1048576: Miami-Fort Lauderdale-West Palm Beach, FL Metro Area | H1048576: Washington-Arlington-Alexandria, DC-VA-MD-WV Metro Area | I1048576: Atlanta-Sandy Springs-Roswell, GA Metro Area | J1048576: Philadelphia-Camden-Wilmington, PA-NJ-DE-MD Metro Area | K1048576: Phoenix-Mesa-Chandler, AZ Metro Area | L1048576: Boston-Cambridge-Newton, MA-NH Metro Area | M1048576: Riverside-San Bernardino-Ontario, CA Metro Area | N1048576: San Francisco-Oakland-Fremont, CA Metro Area | O1048576: Detroit-Warren-Dearborn, MI Metro Area | P1048576: Seattle-Tacoma-Bellevue, WA Metro Area | Q1048576: Minneapolis-St. Paul-Bloomington, MN-WI Metro Area | R1048576: Tampa-St. Petersburg-Clearwater, FL Metro Area | S1048576: San Diego-Chula Vista-Carlsbad, CA Metro Area | T1048576: Denver-Aurora-Centennial, CO Metro Area | U1048576: Orlando-Kissimmee-Sanford, FL Metro Area

Sheet GDP by MSA (GMP)
B1: Atlanta-Sandy Springs-Roswell, GA Metro Area | C1: Boston-Cambridge-Newton, MA-NH Metro Area | D1: Chicago-Naperville-Elgin, IL-IN Metro Area | E1: Dallas-Fort Worth-Arlington, TX Metro Area | F1: Denver-Aurora-Centennial, CO Metro Area | G1: Detroit-Warren-Dearborn, MI Metro Area | H1: Houston-Pasadena-The Woodlands, TX Metro Area | I1: Los Angeles-Long Beach-Anaheim, CA Metro Area | J1: Miami-Fort Lauderdale-West Palm Beach, FL Metro Area | K1: Minneapolis-St. Paul-Bloomington, MN-WI Metro Area | L1: New York-Newark-Jersey City, NY-NJ Metro Area | M1: Orlando-Kissimmee-Sanford, FL Metro Area | N1: Philadelphia-Camden-Wilmington, PA-NJ-DE-MD Metro Area | O1: Phoenix-Mesa-Chandler, AZ Metro Area | P1: Riverside-San Bernardino-Ontario, CA Metro Area | Q1: San Diego-Chula Vista-Carlsbad, CA Metro Area | R1: San Francisco-Oakland-Fremont, CA Metro Area | S1: Seattle-Tacoma-Bellevue, WA Metro Area | T1: Tampa-St. Petersburg-Clearwater, FL Metro Area | U1: Washington-Arlington-Alexandria, DC-VA-MD-WV Metro Area | W1: US Total
A2: observation_date | B2: GMP | C2: GMP | D2: GMP | E2: GMP | F2: GMP | G2: GMP | H2: GMP | I2: GMP | J2: GMP | K2: GMP | L2: GMP | M2: GMP | N2: GMP | O2: GMP | P2: GMP | Q2: GMP | R2: GMP | S2: GMP | T2: GMP | U2: GMP | W2: GDPC1 | X2: observation_date
A3: Date | B3: =B1&B2 -> Atlanta-Sandy Springs-Roswell, GA Metro AreaGMP | C3: =C1&C2 -> Boston-Cambridge-Newton, MA-NH Metro AreaGMP | D3: =D1&D2 -> Chicago-Naperville-Elgin, IL-IN Metro AreaGMP | E3: =E1&E2 -> Dallas-Fort Worth-Arlington, TX Metro AreaGMP | F3: =F1&F2 -> Denver-Aurora-Centennial, CO Metro AreaGMP | G3: =G1&G2 -> Detroit-Warren-Dearborn, MI Metro AreaGMP | H3: =H1&H2 -> Houston-Pasadena-The Woodlands, TX Metro AreaGMP | I3: =I1&I2 -> Los Angeles-Long Beach-Anaheim, CA Metro AreaGMP | ... U3: =U1&U2 -> Washington-Arlington-Alexandria, DC-VA-MD-WV Metro AreaGMP | W3: =W1&W2 -> US TotalGDPC1
A4: 36892 | B4: 271180.5 | C4: 304121.15 | D4: 551911.03 | E4: 288764.45 | F4: 141710.2 | G4: 235602.86 | H4: 300975.48 | I4: 676951.42 | J4: 246797.37 | K4: 188756.2 | L4: 1329496.2 | M4: 87051.253 | N4: 328508.53 | O4: 163040.2 | P4: 110343.73 | Q4: 152305.29 | R4: 322406.18 | S4: 205422.95 | T4: 107822.84 | U4: 355947.87 | W4: 2182.681 | X4: 17168
A5: 37257 | B5: 273930.85 | C5: 303344.19 | D5: 554209.1 | E5: 297113.28 | F5: 142187.03 | G5: 240796.48 | H5: 300134.19 | I5: 693293.04 | J5: 256640.85 | K5: 190963.4 | L5: 1318993.4 | M5: 90363.071 | N5: 331361.71 | O5: 168961.93 | P5: 116105.68 | Q5: 159296.69 | R5: 315859.6 | S5: 205596.77 | T5: 112664.67 | U5: 368535.88 | W5: 2176.892 | X5: 17258
A6: 37622 | B6: 282151.81 | C6: 310617.79 | D6: 563001.2 | E6: 302251.07 | F6: 142460.29 | G6: 247570.64 | H6: 301807.82 | I6: 722939.04 | J6: 266575.14 | K6: 200170.33 | L6: 1325356.5 | M6: 95216.336 | N6: 344556.12 | O6: 180979.05 | P6: 124213.73 | Q6: 167846.97 | R6: 320626.73 | S6: 208816.08 | T6: 118261.15 | U6: 382024.8 | W6: 2172.432 | X6: 17349
A7: 37987 | B7: 298232.22 | C7: 321080.66 | D7: 580916.4 | E7: 320064.34 | F7: 143624.91 | G7: 251004.55 | H7: 328635.01 | I7: 745816.64 | J7: 281757.82 | K7: 210296.67 | L7: 1354478 | M7: 102344.34 | N7: 358145.05 | O7: 191018.07 | P7: 132938.77 | Q7: 177125.12 | R7: 324229.32 | S7: 213810.26 | T7: 126024.52 | U7: 406258.62 | W7: 2206.452 | X7: 17441
A8: 38353 | B8: 313144.33 | C8: 329868.94 | D8: 595469.78 | E8: 336477.89 | F8: 149942.9 | G8: 255496.17 | H8: 334271.48 | I8: 770701.04 | J8: 297774.89 | K8: 216772.11 | L8: 1392492.4 | M8: 110181.74 | N8: 361393.18 | O8: 205774.08 | P8: 141765.46 | Q8: 186576.15 | R8: 338327.1 | S8: 229109.92 | T8: 132496.72 | U8: 425191.78 | W8: 2239.682 | X8: 17533
A9: 38718 | B9: 318677.89 | C9: 339387.18 | D9: 609831.44 | E9: 361594.85 | F9: 152563.48 | G9: 246974.97 | H9: 360553.52 | I9: 800980.47 | J9: 305552.22 | K9: 215931.46 | L9: 1434557.7 | M9: 113678.99 | N9: 365190.58 | O9: 216095.67 | P9: 147660 | Q9: 190800.98 | R9: 348300.97 | S9: 240142.73 | T9: 135683.53 | U9: 430691.45 | W9: 2276.69 | X9: 17624
A10: 39083 | B10: 322341.54 | C10: 351809.31 | D10: 620077.78 | E10: 376135.05 | F10: 159423.32 | G10: 245300.98 | H10: 390636.08 | I10: 811271.94 | J10: 307814.75 | K10: 218861.01 | L10: 1450433 | M10: 116664.51 | N10: 378819.77 | O10: 223034.4 | P10: 150418.93 | Q10: 194328.79 | R10: 351592.6 | S10: 257787.24 | T10: 137367.17 | U10: 438446.08 | W10: 2289.77 | X10: 17715
A11: 39448 | B11: 313422.43 | C11: 355943.71 | D11: 605115.08 | E11: 379888.57 | F11: 158853.78 | G11: 228556.22 | H11: 382270.92 | I11: 820920.39 | J11: 296843.79 | K11: 220552.8 | L11: 1425548.2 | M11: 113678.71 | N11: 389551.77 | O11: 218638.32 | P11: 147065.34 | Q11: 193238.64 | R11: 369652.89 | S11: 262875.6 | T11: 134074.36 | U11: 450704.44 | W11: 2292.364 | X11: 17807
A12: 39814 | B12: 298703.21 | C12: 353261.02 | D12: 584067.84 | E12: 368717.62 | F12: 153864.35 | G12: 203866.91 | H12: 379647.31 | I12: 781901.67 | J12: 277525.85 | K12: 211177.15 | L12: 1456569 | M12: 105856.69 | N12: 376898.1 | O12: 198621.9 | P12: 138295.41 | Q12: 183920.03 | R12: 354362.36 | S12: 253828.01 | T12: 129194.97 | U12: 450733.94 | W12: 2260.807 | X12: 17899
A13: 40179 | B13: 304596.01 | C13: 371428.59 | D13: 595377.26 | E13: 377056.75 | F13: 157506.81 | G13: 217989.88 | H13: 397507.09 | I13: 803814.35 | J13: 286921 | K13: 217937.93 | L13: 1505251.8 | M13: 107270.92 | N13: 385125.05 | O13: 200598.62 | P13: 140956.46 | Q13: 186568.77 | R13: 354658.03 | S13: 261975.13 | T13: 131029.53 | U13: 473111.81 | W13: 2253.128 | X13: 17989
A14: 40544 | B14: 311831.24 | C14: 379568.25 | D14: 606776.76 | E14: 391628.36 | F14: 160637.39 | G14: 227588.26 | H14: 408274.29 | I14: 816284.03 | J14: 287548.91 | K14: 223445.16 | L14: 1511139.5 | M14: 107456.42 | N14: 387482.26 | O14: 207388.7 | P14: 143846.93 | Q14: 190527.19 | R14: 358173.97 | S14: 271234.39 | T14: 130742.02 | U14: 482441.76 | W14: 2276.424 | X14: 18080
A15: 40909 | B15: 318110.62 | C15: 389780.97 | D15: 624494.55 | E15: 404523.39 | F15: 165465.43 | G15: 235803.33 | H15: 423174.91 | I15: 832108.35 | J15: 289047.95 | K15: 227583.21 | L15: 1574050.5 | M15: 110030.8 | N15: 397146.83 | O15: 215066.76 | P15: 144328.39 | Q15: 193126.87 | R15: 388091.69 | S15: 285805.22 | T15: 132984.38 | U15: 486294.47 | W15: 2257.352 | X15: 18172
... A26: 44927 | B26: 471655.71 | C26: 515386.13 | D26: 725745.07 | E26: 613381 | F26: 258989.25 | G26: 276493.74 | H26: 550795.54 | I26: 1075056.7 | J26: 431882.27 | K26: 286739.26 | L26: 1905237.4 | M26: 175313.25 | N26: 459530.62 | O26: 322794.26 | P26: 201185.09 | Q26: 261671.69 | R26: 681890.37 | S26: 487774.17 | T26: 198914.79 | U26: 600169.02 | W26: 2753.517 | X26: 19176
W27: 2843.941 | X27: 19268
W28: 2896.811 | X28: 19360
W29: 2919.206 | X29: 19450
W30: 2902.785 | X30: 19541
W31: 2858.845 | X31: 19633
W32: 2845.192 | X32: 19725
W33: 2848.305 | X33: 19815
W34: 2880.482 | X34: 19906
W35: 2936.852 | X35: 19998
W36: 3020.746 | X36: 20090
W37: 3069.91 | X37: 20180
W38: 3111.379 | X38: 20271
... W319: 24065.956 | X319: 45931

Sheet USA Employment NAICS 2 and Tota
A1: observation_date | B1: USA | C1: USA | D1: USA | E1: USA | F1: USA | G1: USA | H1: USA | I1: USA | J1: USA | K1: USA | L1: USA | M1: USA | N1: USA | O1: USA | P1: USA | Q1: USA | R1: USA | S1: USA | T1: USA | U1: USA | V1: USA
A2: DATE | B2: 21 - Mining, Quarrying, and Oil and Gas Extraction | C2: 48-49 - Transportation and Warehousing | D2: 22 - Utilities | E2: 52 - Finance and Insurance | F2: 53 - Real Estate and Rental and Leasing | G2: 54 - Professional, Scientific, and Technical Services | H2: 55 - Management of Companies and Enterprises | I2: 56 - Administrative and Support and Waste Management and Remediation Services | J2: 62 - Health Care and Social Assistance | K2: 71 - Arts, Entertainment, and Recreation | L2: 72 - Accommodation and Food Services | M2: 92 - Public Administration | N2: 31-33 - Manufacturing | O2: Total Employment | P2: 23 - Construction | Q2: 51 - Information | R2: 81 - Other Services (except Public Administration) | S2: 44-45 - Retail Trade | T2: 42 - Wholesale Trade | U2: observation_date | V2: 61 - Educational Services
A3: DATE | B3: =B1&B2 -> USA21 - Mining, Quarrying, and Oil and Gas Extraction | C3: =C1&C2 -> USA48-49 - Transportation and Warehousing | D3: =D1&D2 -> USA22 - Utilities | E3: =E1&E2 -> USA52 - Finance and Insurance | F3: =F1&F2 -> USA53 - Real Estate and Rental and Leasing | G3: =G1&G2 -> USA54 - Professional, Scientific, and Technical Services | H3: =H1&H2 -> USA55 - Management of Companies and Enterprises | I3: =I1&I2 -> USA56 - Administrative and Support and Waste Management and Remediation Services | ... T3: =T1&T2 -> USA42 - Wholesale Trade | U3: DATE | V3: =V1&V2 -> USA61 - Educational Services
A4: 14246 | M4: 3958 | N4: 9077 | O4: 29923 | P4: 1139 | Q4: 1112 | R4: 543 | S4: 3107.8 | T4: 1472.3 | U4: 31778 | V4: 1644
A5: 14277 | M5: 3947 | N5: 9175 | O5: 30100 | P5: 1162 | Q5: 1118 | R5: 544 | S5: 3121.8 | T5: 1473.3 | U5: 32143 | V5: 1771.8
A6: 14305 | M6: 3971 | N6: 9275 | O6: 30280 | P6: 1225 | Q6: 1126 | R6: 546 | S6: 3139.7 | T6: 1463.4 | U6: 32509 | V6: 1868.8
A7: 14336 | M7: 3985 | N7: 9309 | O7: 30094 | P7: 1249 | Q7: 1127 | R7: 546 | S7: 3154.8 | T7: 1473.5 | U7: 32874 | V7: 1856
A8: 14366 | M8: 4032 | N8: 9299 | O8: 30299 | P8: 1262 | Q8: 1125 | R8: 550 | S8: 3151.7 | T8: 1480.6 | U8: 33239 | V8: 1896.9
A9: 14397 | M9: 4035 | N9: 9315 | O9: 30502 | P9: 1264 | Q9: 1131 | R9: 553 | S9: 3152.9 | T9: 1484.5 | U9: 33604 | V9: 1903.5
A10: 14427 | M10: 3991 | N10: 9231 | O10: 30419 | P10: 1221 | Q10: 1131 | R10: 555 | S10: 3165.8 | T10: 1491.2 | U10: 33970 | V10: 1966.7
A11: 14458 | M11: 4022 | N11: 9400 | O11: 30663 | P11: 1236 | Q11: 1134 | R11: 555 | S11: 3165.9 | T11: 1493 | U11: 34335 | V11: 2102.1
A12: 14489 | M12: 4140 | N12: 9604 | O12: 31031 | P12: 1203 | Q12: 1152 | R12: 560 | S12: 3185 | T12: 1518.9 | U12: 34700 | V12: 2225.2
A13: 14519 | M13: 4145 | N13: 9873 | O13: 31411 | P13: 1186 | Q13: 1179 | R13: 557 | S13: 3186.1 | T13: 1540.5 | U13: 35065 | V13: 2298.2
A14: 14550 | M14: 4097 | N14: 9896 | O14: 31470 | P14: 1172 | Q14: 1179 | R14: 559 | S14: 3192 | T14: 1531.7 | U14: 35431 | V14: 2371.7
A15: 14580 | M15: 4151 | N15: 9949 | O15: 31542 | P15: 1142 | Q15: 1178 | R15: 562 | S15: 3178.1 | T15: 1534.9 | U15: 35796 | V15: 2439.5
... A41: 15373 | M41: 5094 | N41: 13127 | O41: 38512 | P41: 1900 | Q41: 1415 | R41: 632 | S41: 3579.5 | T41: 1675.3 | U41: 45292 | V41: 4227.2
A42: 15401 | M42: 5248 | N42: 13311 | O42: 38935 | P42: 2042 | Q42: 1426 | R42: 635 | S42: 3566.7 | T42: 1666.2
A43: 15432 | M43: 5374 | N43: 13509 | O43: 39352 | P43: 2170 | Q43: 1440 | R43: 637 | S43: 3542 | T43: 1650.7
A44: 15462 | M44: 5483 | N44: 13704 | O44: 39771 | P44: 2271 | Q44: 1450 | R44: 639 | S44: 3535.8 | T44: 1637.9
A45: 15493 | M45: 5548 | N45: 13842 | O45: 40029 | P45: 2380 | Q45: 1457 | R45: 641 | S45: 3503.1 | T45: 1616.3
A46: 15523 | M46: 5560 | N46: 14072 | O46: 40472 | P46: 2494 | Q46: 1471 | R46: 644 | S46: 3490.9 | T46: 1608.4
A47: 15554 | M47: 5766 | N47: 14339 | O47: 40988 | P47: 2478 | Q47: 1486 | R47: 646 | S47: 3494.6 | T47: 1602.6
A48: 15585 | M48: 5892 | N48: 14582 | O48: 41259 | P48: 2433 | Q48: 1500 | R48: 647 | S48: 3493.5 | T48: 1597
A49: 15615 | M49: 5980 | N49: 14772 | O49: 41515 | P49: 2352 | Q49: 1514 | R49: 647 | S49: 3508.8 | T49: 1593.6
A50: 15646 | M50: 5996 | N50: 14971 | O50: 41674 | P50: 2260 | Q50: 1527 | R50: 646 | S50: 3498.8 | T50: 1580.4
A51: 15676 | M51: 6113 | N51: 15288 | O51: 41915 | P51: 2136 | Q51: 1547 | R51: 646 | S51: 3479.8 | T51: 1567.7
A52: 15707 | M52: 6084 | N52: 15532 | O52: 42172 | P52: 2064 | Q52: 1562 | R52: 648 | S52: 3473.4 | T52: 1563.6
A53: 15738 | M53: 6183 | N53: 15685 | O53: 42393 | P53: 2022 | Q53: 1570 | R53: 649 | S53: 3466.2 | T53: 1561.4
... A231: 21155 | M231: 8159 | N231: 15332 | O231: 52384 | P231: 2935 | Q231: 1740 | R231: 1056 | S231: 5299.9 | T231: 2545.3
A232: 21186 | B232: 760.1 | M232: 7821 | N232: 15130 | O232: 52076 | P232: 2925 | Q232: 1722 | R232: 1052 | S232: 5304.2 | T232: 2540.3
A233: 21217 | B233: 743.4 | M233: 7856 | N233: 14908 | O233: 51576 | P233: 2792 | Q233: 1704 | R233: 1050 | S233: 5270.4 | T233: 2529.2
A234: 21245 | B234: 727.2 | M234: 7884 | N234: 14670 | O234: 51299 | P234: 2853 | Q234: 1684 | R234: 1050 | S234: 5261.4 | T234: 2525.3
A235: 21276 | B235: 707.4 | M235: 7909 | N235: 14506 | O235: 51027 | P235: 2823 | Q235: 1666 | R235: 1050 | S235: 5203.6 | T235: 2524.6
A236: 21306 | B236: 694.6 | M236: 7924 | N236: 14414 | O236: 50914 | P236: 2815 | Q236: 1658 | R236: 1051 | S236: 5234.5 | T236: 2523.4
A237: 21337 | B237: 695.7 | M237: 7920 | N237: 14408 | O237: 50914 | P237: 2796 | Q237: 1655 | R237: 1052 | S237: 5236 | T237: 2530.7
A238: 21367 | B238: 695.2 | M238: 7722 | N238: 14450 | O238: 51039 | P238: 2807 | Q238: 1655 | R238: 1055 | S238: 5243.2 | T238: 2527.8
A239: 21398 | B239: 702.8 | M239: 7734 | N239: 14524 | O239: 51233 | P239: 2833 | Q239: 1656 | R239: 1060 | S239: 5255.8 | T239: 2523.9
A240: 21429 | B240: 709.5 | M240: 7989 | N240: 14658 | O240: 51506 | P240: 2874 | Q240: 1663 | R240: 1063 | S240: 5280.2 | T240: 2527.8
A241: 21459 | B241: 707.3 | M241: 8074 | N241: 14503 | O241: 51485 | P241: 2917 | Q241: 1665 | R241: 1067 | S241: 5291.2 | T241: 2533.4
A242: 21490 | B242: 710.4 | M242: 8103 | N242: 14827 | O242: 51944 | P242: 2982 | Q242: 1678 | R242: 1068 | S242: 5306 | T242: 2542.6
A243: 21520 | B243: 711.8 | M243: 8414 | N243: 14877 | O243: 52085 | P243: 2910 | Q243: 1680 | R243: 1075 | S243: 5329.7 | T243: 2543.9
... A303: 23346 | B303: 610.4 | M303: 9754 | N303: 15712 | O303: 57361 | P303: 3082 | Q303: 1743 | R303: 1313 | S303: 5851.1 | T303: 2792
A304: 23377 | B304: 607.3 | D304: 476.3 | M304: 9581 | N304: 15715 | O304: 57487 | P304: 2996 | Q304: 1747 | R304: 1320 | S304: 5880 | T304: 2805.8
A305: 23408 | B305: 607.4 | D305: 476.6 | M305: 9642 | N305: 15742 | O305: 57753 | P305: 3132 | Q305: 1750 | R305: 1326 | S305: 5906.3 | T305: 2802.2
A306: 23437 | B306: 607.4 | D306: 476.7 | M306: 9689 | N306: 15770 | O306: 57897 | P306: 3125 | Q306: 1751 | R306: 1327 | S306: 5955.8 | T306: 2806.4
A307: 23468 | B307: 607.7 | D307: 477 | M307: 9716 | N307: 15785 | O307: 57922 | P307: 3113 | Q307: 1756 | R307: 1334 | S307: 5873.1 | T307: 2812.8
A308: 23498 | B308: 605.7 | D308: 478.8 | M308: 9722 | N308: 15812 | O308: 58089 | P308: 3125 | Q308: 1758 | R308: 1340 | S308: 5928.9 | T308: 2820.8
A309: 23529 | B309: 609.5 | D309: 474.3 | M309: 9695 | N309: 15839 | O309: 58219 | P309: 3147 | Q309: 1759 | R309: 1344 | S309: 5960.7 | T309: 2825.8
A310: 23559 | B310: 608 | D310: 476.4 | M310: 9357 | N310: 15887 | O310: 58412 | P310: 3157 | Q310: 1767 | R310: 1351 | S310: 5987.7 | T310: 2836.5
A311: 23590 | B311: 606.8 | D311: 476.6 | M311: 9342 | N311: 15948 | O311: 58619 | P311: 3166 | Q311: 1771 | R311: 1354 | S311: 6012.1 | T311: 2841.4
A312: 23621 | B312: 610 | D312: 477.9 | M312: 9719 | N312: 16073 | O312: 58903 | P312: 3171 | Q312: 1779 | R312: 1361 | S312: 6023.6 | T312: 2853
A313: 23651 | B313: 612.3 | D313: 479.3 | M313: 9921 | N313: 15821 | O313: 58793 | P313: 3200 | Q313: 1772 | R313: 1364 | S313: 6045.6 | T313: 2861.5
A314: 23682 | B314: 614.7 | D314: 480.4 | M314: 10004 | N314: 16096 | O314: 59218 | P314: 3226 | Q314: 1783 | R314: 1366 | S314: 6065.6 | T314: 2870.7
A315: 23712 | B315: 614.1 | D315: 480.7 | M315: 10142 | N315: 16176 | O315: 59421 | P315: 3233 | Q315: 1794 | R315: 1369 | S315: 6095.2 | T315: 2881.2
... A399: 26268 | B399: 604 | D399: 544 | M399: 13381 | N399: 17202 | O399: 72109 | P399: 3867 | Q399: 2012 | R399: 1851 | S399: 7789.2 | T399: 3441.3
A400: 26299 | B400: 602.5 | C400: 2614.3 | D400: 546.3 | M400: 13332 | N400: 17283 | O400: 72441 | P400: 3912 | Q400: 2019 | R400: 1856 | S400: 7895.1 | T400: 3464.4
A401: 26330 | B401: 598.5 | C401: 2623.2 | D401: 550.7 | M401: 13488 | N401: 17361 | O401: 72648 | P401: 3888 | Q401: 2025 | R401: 1862 | S401: 7925.9 | T401: 3473
A402: 26359 | B402: 601.5 | C402: 2640.5 | D402: 552.2 | M402: 13551 | N402: 17447 | O402: 72944 | P402: 3921 | Q402: 2035 | R402: 1869 | S402: 7949.7 | T402: 3492.7
A403: 26390 | B403: 595.3 | C403: 2635.6 | D403: 553.9 | M403: 13551 | N403: 17508 | O403: 73162 | P403: 3931 | Q403: 2040 | R403: 1878 | S403: 7975.6 | T403: 3503.8
A404: 26420 | B404: 598.6 | C404: 2634.9 | D404: 556.4 | M404: 13598 | N404: 17602 | O404: 73469 | P404: 3957 | Q404: 2046 | R404: 1889 | S404: 7992.4 | T404: 3514.8
A405: 26451 | B405: 600 | C405: 2652.4 | D405: 559.9 | M405: 13509 | N405: 17641 | O405: 73758 | P405: 3969 | Q405: 2054 | R405: 1909 | S405: 8022.2 | T405: 3523.8
A406: 26481 | B406: 596.7 | C406: 2652.8 | D406: 557.9 | M406: 12962 | N406: 17556 | O406: 73709 | P406: 3939 | Q406: 2051 | R406: 1907 | S406: 8035.5 | T406: 3518
A407: 26512 | B407: 605.8 | C407: 2651.7 | D407: 559.4 | M407: 12882 | N407: 17741 | O407: 74141 | P407: 3983 | Q407: 2061 | R407: 1914 | S407: 8069.4 | T407: 3531.2
A408: 26543 | B408: 611.5 | C408: 2653.8 | D408: 560.8 | M408: 13324 | N408: 17774 | O408: 74264 | P408: 4000 | Q408: 2066 | R408: 1914 | S408: 8076.8 | T408: 3539.3
A409: 26573 | B409: 611.3 | C409: 2661.6 | D409: 561.7 | M409: 13679 | N409: 17893 | O409: 74674 | P409: 4038 | Q409: 2078 | R409: 1926 | S409: 8127 | T409: 3548.7
A410: 26604 | B410: 608.9 | C410: 2675.1 | D410: 562.8 | M410: 13817 | N410: 18005 | O410: 74973 | P410: 4002 | Q410: 2088 | R410: 1934 | S410: 8172.5 | T410: 3563.3
A411: 26634 | B411: 604.7 | C411: 2677.5 | D411: 564.3 | M411: 13884 | N411: 18158 | O411: 75268 | P411: 3937 | Q411: 2096 | R411: 1944 | S411: 8226.9 | T411: 3578.4
... A615: 32843 | B615: 672.1 | C615: 3454.4 | D615: 738.4 | M615: 18364 | N615: 17881 | O615: 108836 | P615: 5309 | Q615: 2682 | R615: 4191 | S615: 13070.7 | T615: 5239.1
A616: 32874 | B616: 675.5 | C616: 3452.9 | D616: 737.2 | E616: 4966 | F616: 1619 | G616: 4513.8 | H616: 1669.6 | I616: 4637.4 | J616: 9116 | K616: 1139.7 | L616: 8150.6 | M616: 18118 | N616: 17797 | O616: 109196 | P616: 5422 | Q616: 2671 | R616: 4221 | S616: 13251.7 | T616: 5249.7
A617: 32905 | B617: 675.6 | C617: 3467.2 | D617: 738.3 | E617: 4972.3 | F617: 1626.3 | G617: 4542.6 | H617: 1672.4 | I617: 4671 | J617: 9153.7 | K617: 1136.3 | L617: 8160.2 | M617: 18471 | N617: 17893 | O617: 109436 | P617: 5416 | Q617: 2676 | R617: 4237 | S617: 13226.6 | T617: 5239.8
A618: 32933 | B618: 675 | C618: 3474.2 | D618: 740 | E618: 4968.8 | F618: 1632.6 | G618: 4558.5 | H618: 1674.6 | I618: 4687.2 | J618: 9202.2 | K618: 1152.8 | L618: 8172.1 | M618: 18671 | N618: 17868 | O618: 109640 | P618: 5392 | Q618: 2680 | R618: 4254 | S618: 13225.1 | T618: 5233.3
A619: 32964 | B619: 678.7 | C619: 3473 | D619: 740.1 | E619: 4969.3 | F619: 1642 | G619: 4565.5 | H619: 1675.9 | I619: 4677.4 | J619: 9234.9 | K619: 1138.8 | L619: 8150.6 | M619: 18731 | N619: 17845 | O619: 109674 | P619: 5355 | Q619: 2684 | R619: 4256 | S619: 13226.1 | T619: 5235.4
A620: 32994 | B620: 683 | C620: 3483.4 | D620: 741 | E620: 4971 | F620: 1644.5 | G620: 4568.7 | H620: 1674.8 | I620: 4665.7 | J620: 9276.9 | K620: 1127.4 | L620: 8114.4 | M620: 18962 | N620: 17796 | O620: 109828 | P620: 5321 | Q620: 2689 | R620: 4266 | S620: 13213.4 | T620: 5229.6
A621: 33025 | B621: 684.8 | C621: 3481.2 | D621: 741.8 | E621: 4982.5 | F621: 1643.7 | G621: 4582.9 | H621: 1675.3 | I621: 4664.9 | J621: 9322.5 | K621: 1115.3 | L621: 8149.2 | M621: 18628 | N621: 17775 | O621: 109850 | P621: 5303 | Q621: 2694 | R621: 4266 | S621: 13200.9 | T621: 5236.4
A622: 33055 | B622: 683.9 | C622: 3477 | D622: 741.3 | E622: 4987.8 | F622: 1642.8 | G622: 4584.6 | H622: 1675.3 | I622: 4669 | J622: 9360.2 | K622: 1121.7 | L622: 8171.8 | M622: 17560 | N622: 17703 | O622: 109815 | P622: 5274 | Q622: 2697 | R622: 4266 | S622: 13190.9 | T622: 5235.1
A623: 33086 | B623: 680.8 | C623: 3471.4 | D623: 741.9 | E623: 4994.1 | F623: 1639.5 | G623: 4587.1 | H623: 1673.5 | I623: 4651.5 | J623: 9394.1 | K623: 1116.6 | L623: 8175.2 | M623: 17298 | N623: 17650 | O623: 109607 | P623: 5234 | Q623: 2696 | R623: 4269 | S623: 13153.6 | T623: 5238.1
A624: 33117 | B624: 681.8 | C624: 3479.7 | D624: 740.3 | E624: 4984.4 | F624: 1643 | G624: 4571 | H624: 1671.2 | I624: 4655.7 | J624: 9436.4 | K624: 1121.7 | L624: 8174.2 | M624: 18192 | N624: 17609 | O624: 109522 | P624: 5197 | Q624: 2693 | R624: 4268 | S624: 13145.6 | T624: 5228.2
A625: 33147 | B625: 679.7 | C625: 3485.7 | D625: 739.8 | E625: 4980.2 | F625: 1642.4 | G625: 4576.8 | H625: 1668.8 | I625: 4606 | J625: 9475.9 | K625: 1126 | L625: 8129.8 | M625: 18698 | N625: 17577 | O625: 109377 | P625: 5134 | Q625: 2694 | R625: 4275 | S625: 13138.8 | T625: 5216.9
A626: 33178 | B626: 680.2 | C626: 3483.9 | D626: 739.1 | E626: 4975.9 | F626: 1638.5 | G626: 4568.5 | H626: 1665.2 | I626: 4599.5 | J626: 9508.2 | K626: 1147.4 | L626: 8150.7 | M626: 18859 | N626: 17428 | O626: 109222 | P626: 5095 | Q626: 2690 | R626: 4273 | S626: 13126.9 | T626: 5209.5
A627: 33208 | B627: 680.7 | C627: 3512.6 | D627: 739.7 | E627: 4966.8 | F627: 1634.7 | G627: 4560 | H627: 1663.8 | I627: 4577.4 | J627: 9551.3 | K627: 1154 | L627: 8147.7 | M627: 18787 | N627: 17395 | O627: 109168 | P627: 5047 | Q627: 2692 | R627: 4277 | S627: 13093.8 | T627: 5206.7
... A1049: 46054 | B1049: 563.7 | C1049: 6531.7 | D1049: 606.2 | E1049: 6719.6 | F1049: 2446.5 | G1049: 10807.5 | H1049: 2614.9 | I1049: 8962.7 | J1049: 23685.3 | K1049: 2672.9 | L1049: 14248.9 | M1049: 23581 | N1049: 12573 | O1049: 158466 | P1049: 8309 | Q1049: 2812 | R1049: 6039 | S1049: 15426.5 | T1049: 6051

Sheet Unemployment Rate by MSA
A1: observation_date | B1: Atlanta-Sandy Springs-Roswell, GA Metro Area | C1: Chicago-Naperville-Elgin, IL-IN Metro Area | D1: Dallas-Fort Worth-Arlington, TX Metro Area | E1: Denver-Aurora-Centennial, CO Metro Area | F1: Houston-Pasadena-The Woodlands, TX Metro Area | G1: Seattle-Tacoma-Bellevue, WA Metro Area | H1: Boston-Cambridge-Newton, MA-NH Metro Area | I1: Los Angeles-Long Beach-Anaheim, CA Metro Area | J1: New York-Newark-Jersey City, NY-NJ Metro Area | K1: Orlando-Kissimmee-Sanford, FL Metro Area | L1: Phoenix-Mesa-Chandler, AZ Metro Area | M1: Riverside-San Bernardino-Ontario, CA Metro Area | N1: San Diego-Chula Vista-Carlsbad, CA Metro Area | O1: San Francisco-Oakland-Fremont, CA Metro Area | P1: USA
A2: Date | B2: Unemployment Rate | C2: Unemployment Rate | D2: Unemployment Rate | E2: Unemployment Rate | F2: Unemployment Rate | G2: Unemployment Rate | H2: Unemployment Rate | I2: Unemployment Rate | J2: Unemployment Rate | K2: Unemployment Rate | L2: Unemployment Rate | M2: Unemployment Rate | N2: Unemployment Rate | O2: Unemployment Rate | P2: Unemployment Rate
A3: Date | B3: =B1&B2 -> Atlanta-Sandy Springs-Roswell, GA Metro AreaUnemployment Rate | C3: =C1&C2 -> Chicago-Naperville-Elgin, IL-IN Metro AreaUnemployment Rate | D3: =D1&D2 -> Dallas-Fort Worth-Arlington, TX Metro AreaUnemployment Rate | E3: =E1&E2 -> Denver-Aurora-Centennial, CO Metro AreaUnemployment Rate | F3: =F1&F2 -> Houston-Pasadena-The Woodlands, TX Metro AreaUnemployment Rate | G3: =G1&G2 -> Seattle-Tacoma-Bellevue, WA Metro AreaUnemployment Rate | H3: =H1&H2 -> Boston-Cambridge-Newton, MA-NH Metro AreaUnemployment Rate | I3: =I1&I2 -> Los Angeles-Long Beach-Anaheim, CA Metro AreaUnemployment Rate | ... P3: =P1&P2 -> USAUnemployment Rate
A4: 17533 | P4: 3.4
A5: 17564 | P5: 3.8
A6: 17593 | P6: 4
A7: 17624 | P7: 3.9
A8: 17654 | P8: 3.5
A9: 17685 | P9: 3.6
A10: 17715 | P10: 3.6
A11: 17746 | P11: 3.9
A12: 17777 | P12: 3.8
A13: 17807 | P13: 3.7
A14: 17838 | P14: 3.8
A15: 17868 | P15: 4
... A507: 32843 | P507: 5.4
A508: 32874 | B508: 4.9 | C508: 6.9 | D508: 4.8 | E508: 5.1 | F508: 5.2 | H508: 5.2 | I508: 5.2 | J508: 5.4 | K508: 5.4 | L508: 4.6 | M508: 5 | N508: 4 | O508: 3.5 | P508: 5.4
A509: 32905 | B509: 5 | C509: 6.6 | D509: 5.2 | E509: 5.1 | F509: 5.1 | H509: 5.3 | I509: 5 | J509: 5.5 | K509: 5.2 | L509: 4.3 | M509: 5.1 | N509: 3.8 | O509: 3.3 | P509: 5.3
A510: 32933 | B510: 4.6 | C510: 6.3 | D510: 4.6 | E510: 5 | F510: 4.7 | H510: 5.3 | I510: 4.8 | J510: 5.2 | K510: 5.1 | L510: 4.3 | M510: 4.8 | N510: 3.7 | O510: 3.1 | P510: 5.2
A511: 32964 | B511: 4.6 | C511: 6.6 | D511: 4.7 | E511: 4.6 | F511: 4.8 | H511: 5.2 | I511: 4.9 | J511: 5 | K511: 5.3 | L511: 4.3 | M511: 5.3 | N511: 3.9 | O511: 3.3 | P511: 5.4
A512: 32994 | B512: 4.6 | C512: 6.2 | D512: 5.1 | E512: 4.3 | F512: 4.9 | H512: 5.3 | I512: 4.9 | J512: 5.1 | K512: 5.3 | L512: 4.3 | M512: 5.4 | N512: 4.1 | O512: 3.3 | P512: 5.4
A513: 33025 | B513: 5.1 | C513: 6.4 | D513: 5.5 | E513: 4.5 | F513: 5.3 | H513: 5.6 | I513: 4.9 | J513: 4.9 | K513: 5.7 | L513: 4.6 | M513: 5.8 | N513: 4.5 | O513: 3.5 | P513: 5.2
A514: 33055 | B514: 4.9 | C514: 6.5 | D514: 5.4 | E514: 4.4 | F514: 5.3 | H514: 5.9 | I514: 5.5 | J514: 5.5 | K514: 5.7 | L514: 4.7 | M514: 7.3 | N514: 5.1 | O514: 4.1 | P514: 5.5
A515: 33086 | B515: 5 | C515: 6.5 | D515: 5.1 | E515: 4.2 | F515: 5.3 | H515: 6.1 | I515: 5.6 | J515: 5.3 | K515: 6 | L515: 4.5 | M515: 7.3 | N515: 5 | O515: 3.9 | P515: 5.7
A516: 33117 | B516: 5.4 | C516: 6.4 | D516: 5.3 | E516: 4.2 | F516: 5.5 | H516: 6.5 | I516: 5.8 | J516: 5.7 | K516: 6.4 | L516: 4.4 | M516: 7.5 | N516: 5.4 | O516: 3.9 | P516: 5.9
A517: 33147 | B517: 5 | C517: 6 | D517: 4.9 | E517: 4.1 | F517: 5 | H517: 6.1 | I517: 5.6 | J517: 5.7 | K517: 6.2 | L517: 4.1 | M517: 7.3 | N517: 5.2 | O517: 3.7 | P517: 5.9
A518: 33178 | B518: 4.9 | C518: 6.1 | D518: 5.4 | E518: 4.3 | F518: 5.2 | H518: 6.5 | I518: 5.8 | J518: 5.8 | K518: 6.5 | L518: 4.1 | M518: 7.6 | N518: 5.4 | O518: 3.9 | P518: 6.2
A519: 33208 | B519: 5 | C519: 6.3 | D519: 5.2 | E519: 4.2 | F519: 5.1 | H519: 6.6 | I519: 5.9 | J519: 5.8 | K519: 6.3 | L519: 4 | M519: 7.4 | N519: 5.3 | O519: 3.8 | P519: 6.3
... A555: 34304 | B555: 4.8 | C555: 6.5 | D555: 5.3 | E555: 4.1 | F555: 6.6 | H555: 5.5 | I555: 8.4 | J555: 7.5 | K555: 5.6 | L555: 4.5 | M555: 9.5 | N555: 6.9 | O555: 5.5 | P555: 6.5
A556: 34335 | B556: 5.5 | C556: 7.8 | D556: 6.1 | E556: 5 | F556: 7.4 | G556: 5.9 | H556: 6.5 | I556: 9.6 | J556: 8.5 | K556: 6.6 | L556: 5.2 | M556: 10.9 | N556: 7.8 | O556: 6.5 | P556: 6.6
A557: 34366 | B557: 5.2 | C557: 7.4 | D557: 6.2 | E557: 4.9 | F557: 7.3 | G557: 5.9 | H557: 6.2 | I557: 9.2 | J557: 8.3 | K557: 6.2 | L557: 4.9 | M557: 10.5 | N557: 7.6 | O557: 6.3 | P557: 6.6
A558: 34394 | B558: 5.1 | C558: 7 | D558: 5.9 | E558: 4.8 | F558: 7.1 | G558: 5.9 | H558: 6 | I558: 9 | J558: 8.1 | K558: 6 | L558: 4.9 | M558: 10 | N558: 7.4 | O558: 6.1 | P558: 6.5
A559: 34425 | B559: 4.6 | C559: 6.4 | D559: 5.5 | E559: 4.1 | F559: 6.8 | G559: 5.8 | H559: 5.5 | I559: 8.8 | J559: 7.5 | K559: 5.8 | L559: 4.5 | M559: 9.7 | N559: 7.2 | O559: 6 | P559: 6.4
A560: 34455 | B560: 4.5 | C560: 5.9 | D560: 5.3 | E560: 3.8 | F560: 6.6 | G560: 5.6 | H560: 5.4 | I560: 8.3 | J560: 7.1 | K560: 5.5 | L560: 4.3 | M560: 9.1 | N560: 6.9 | O560: 5.7 | P560: 6.1
A561: 34486 | B561: 5 | C561: 6.2 | D561: 5.8 | E561: 4 | F561: 7.3 | G561: 5.5 | H561: 5.8 | I561: 8.7 | J561: 7.3 | K561: 5.8 | L561: 4.8 | M561: 9.7 | N561: 7.4 | O561: 6.1 | P561: 6.1
A562: 34516 | B562: 4.4 | C562: 5.9 | D562: 5.7 | E562: 3.8 | F562: 7.1 | G562: 5.4 | H562: 5.9 | I562: 9.1 | J562: 7.5 | K562: 5.8 | L562: 4.8 | M562: 10.7 | N562: 7.8 | O562: 6.5 | P562: 6.1
A563: 34547 | B563: 4.5 | C563: 5.7 | D563: 5.4 | E563: 3.6 | F563: 6.8 | G563: 5.3 | H563: 5.7 | I563: 8.7 | J563: 7.1 | K563: 5.6 | L563: 4.9 | M563: 10.3 | N563: 7.5 | O563: 6.3 | P563: 6
A564: 34578 | B564: 4.4 | C564: 5.3 | D564: 5.1 | E564: 3.3 | F564: 6.6 | G564: 5.3 | H564: 5.6 | I564: 8.1 | J564: 6.8 | K564: 5.4 | L564: 4.9 | M564: 9.8 | N564: 7.2 | O564: 5.9 | P564: 5.9
A565: 34608 | B565: 4.2 | C565: 5.4 | D565: 4.8 | E565: 3.1 | F565: 6.2 | G565: 5.2 | H565: 5.2 | I565: 7.7 | J565: 6.6 | K565: 5.2 | L565: 4.5 | M565: 9.2 | N565: 6.8 | O565: 5.5 | P565: 5.8
A566: 34639 | B566: 4 | C566: 5 | D566: 4.8 | E566: 3.2 | F566: 6 | G566: 5.2 | H566: 5 | I566: 7.3 | J566: 6.3 | K566: 5.1 | L566: 4.1 | M566: 8.4 | N566: 6.2 | O566: 5.1 | P566: 5.6
A567: 34669 | B567: 3.8 | C567: 4.9 | D567: 4.4 | E567: 2.9 | F567: 5.5 | G567: 5.2 | H567: 4.7 | I567: 6.8 | J567: 5.9 | K567: 4.5 | L567: 3.7 | M567: 7.6 | N567: 5.7 | O567: 4.7 | P567: 5.5
... A936: 45901 | B936: 3.4 | C936: 4.2 | D936: 4.2 | E936: 3.9 | F936: 4.8 | G936: 4.4 | H936: 4.2 | I936: 5.5 | J936: 5.3 | K936: 4.1 | L936: 4.1 | M936: 5.9 | N936: 4.9 | O936: 4.6 | P936: 4.4
A937: 45931
A938: 45962 | B938: 3.9 | C938: 4.5 | D938: 4 | E938: 3.6 | F938: 4.5 | G938: 4.6 | H938: 4.4 | I938: 5.3 | J938: 4.7 | K938: 4.8 | L938: 3.8 | M938: 5.5 | N938: 4.7 | O938: 4.4 | P938: 4.5
A939: 45992 | B939: 3.3 | C939: 4.5 | D939: 3.6 | E939: 3.6 | F939: 4.2 | G939: 4.8 | H939: 4.3 | I939: 4.8 | J939: 4.5 | K939: 4.4 | L939: 3.5 | M939: 5.1 | N939: 4.4 | O939: 4.1 | P939: 4.4
A940: 46023 | P940: 4.3
A941: 46054 | P941: 4.4

Sheet MSA Employment Base 
B1: Atlanta-Sandy Springs-Roswell, GA Metro Area | C1: Atlanta-Sandy Springs-Roswell, GA Metro Area | D1: Atlanta-Sandy Springs-Roswell, GA Metro Area | E1: Atlanta-Sandy Springs-Roswell, GA Metro Area | F1: Atlanta-Sandy Springs-Roswell, GA Metro Area | G1: Atlanta-Sandy Springs-Roswell, GA Metro Area | H1: Atlanta-Sandy Springs-Roswell, GA Metro Area | I1: Atlanta-Sandy Springs-Roswell, GA Metro Area | J1: Atlanta-Sandy Springs-Roswell, GA Metro Area | K1: Atlanta-Sandy Springs-Roswell, GA Metro Area | L1: Atlanta-Sandy Springs-Roswell, GA Metro Area | M1: Atlanta-Sandy Springs-Roswell, GA Metro Area | N1: Atlanta-Sandy Springs-Roswell, GA Metro Area | O1: Atlanta-Sandy Springs-Roswell, GA Metro Area | P1: Atlanta-Sandy Springs-Roswell, GA Metro Area | Q1: Atlanta-Sandy Springs-Roswell, GA Metro Area | R1: Atlanta-Sandy Springs-Roswell, GA Metro Area | S1: Atlanta-Sandy Springs-Roswell, GA Metro Area | T1: Atlanta-Sandy Springs-Roswell, GA Metro Area | U1: Boston-Cambridge-Newton, MA-NH Metro Area | V1: Boston-Cambridge-Newton, MA-NH Metro Area | W1: Boston-Cambridge-Newton, MA-NH Metro Area | X1: Boston-Cambridge-Newton, MA-NH Metro Area | Y1: Boston-Cambridge-Newton, MA-NH Metro Area | Z1: Boston-Cambridge-Newton, MA-NH Metro Area | AA1: Boston-Cambridge-Newton, MA-NH Metro Area | AB1: Boston-Cambridge-Newton, MA-NH Metro Area | AC1: Boston-Cambridge-Newton, MA-NH Metro Area | AD1: Boston-Cambridge-Newton, MA-NH Metro Area | AE1: Boston-Cambridge-Newton, MA-NH Metro Area | AF1: Boston-Cambridge-Newton, MA-NH Metro Area | AG1: Boston-Cambridge-Newton, MA-NH Metro Area | AH1: Boston-Cambridge-Newton, MA-NH Metro Area | AI1: Boston-Cambridge-Newton, MA-NH Metro Area | AJ1: Boston-Cambridge-Newton, MA-NH Metro Area | AK1: Boston-Cambridge-Newton, MA-NH Metro Area | AL1: Boston-Cambridge-Newton, MA-NH Metro Area | AM1: Boston-Cambridge-Newton, MA-NH Metro Area | AN1: Chicago-Naperville-Elgin, IL-IN Metro Area | AO1: Chicago-Naperville-Elgin, IL-IN Metro Area | AP1: Chicago-Naperville-Elgin, IL-IN Metro Area | AQ1: Chicago-Naperville-Elgin, IL-IN Metro Area | AR1: Chicago-Naperville-Elgin, IL-IN Metro Area | AS1: Chicago-Naperville-Elgin, IL-IN Metro Area | AT1: Chicago-Naperville-Elgin, IL-IN Metro Area | AU1: Chicago-Naperville-Elgin, IL-IN Metro Area | AV1: Chicago-Naperville-Elgin, IL-IN Metro Area | AW1: Chicago-Naperville-Elgin, IL-IN Metro Area | AX1: Chicago-Naperville-Elgin, IL-IN Metro Area | AY1: Chicago-Naperville-Elgin, IL-IN Metro Area | AZ1: Chicago-Naperville-Elgin, IL-IN Metro Area | BA1: Chicago-Naperville-Elgin, IL-IN Metro Area | BB1: Chicago-Naperville-Elgin, IL-IN Metro Area | BC1: Chicago-Naperville-Elgin, IL-IN Metro Area | BD1: Chicago-Naperville-Elgin, IL-IN Metro Area | BE1: Dallas-Fort Worth-Arlington, TX Metro Area | BF1: Dallas-Fort Worth-Arlington, TX Metro Area | BG1: Dallas-Fort Worth-Arlington, TX Metro Area | BH1: Dallas-Fort Worth-Arlington, TX Metro Area | BI1: Dallas-Fort Worth-Arlington, TX Metro Area | BJ1: Dallas-Fort Worth-Arlington, TX Metro Area | BK1: Dallas-Fort Worth-Arlington, TX Metro Area | BL1: Dallas-Fort Worth-Arlington, TX Metro Area | BM1: Dallas-Fort Worth-Arlington, TX Metro Area | BN1: Dallas-Fort Worth-Arlington, TX Metro Area | BO1: Dallas-Fort Worth-Arlington, TX Metro Area | BP1: Dallas-Fort Worth-Arlington, TX Metro Area | BQ1: Dallas-Fort Worth-Arlington, TX Metro Area | BR1: Dallas-Fort Worth-Arlington, TX Metro Area | BS1: Dallas-Fort Worth-Arlington, TX Metro Area | BT1: Dallas-Fort Worth-Arlington, TX Metro Area | BU1: Dallas-Fort Worth-Arlington, TX Metro Area | BV1: Dallas-Fort Worth-Arlington, TX Metro Area | BW1: Dallas-Fort Worth-Arlington, TX Metro Area | BX1: Denver-Aurora-Centennial, CO Metro Area | BY1: Denver-Aurora-Centennial, CO Metro Area | BZ1: Denver-Aurora-Centennial, CO Metro Area | CA1: Denver-Aurora-Centennial, CO Metro Area | CB1: Denver-Aurora-Centennial, CO Metro Area | CC1: Denver-Aurora-Centennial, CO Metro Area | CD1: Denver-Aurora-Centennial, CO Metro Area | CE1: Denver-Aurora-Centennial, CO Metro Area | CF1: Denver-Aurora-Centennial, CO Metro Area | CG1: Denver-Aurora-Centennial, CO Metro Area | CH1: Denver-Aurora-Centennial, CO Metro Area | CI1: Denver-Aurora-Centennial, CO Metro Area | CJ1: Denver-Aurora-Centennial, CO Metro Area | CK1: Denver-Aurora-Centennial, CO Metro Area | CL1: Denver-Aurora-Centennial, CO Metro Area | CM1: Denver-Aurora-Centennial, CO Metro Area | CN1: Denver-Aurora-Centennial, CO Metro Area | CO1: Denver-Aurora-Centennial, CO Metro Area | CP1: Denver-Aurora-Centennial, CO Metro Area | CQ1: Detroit-Warren-Dearborn, MI Metro Area | CR1: Detroit-Warren-Dearborn, MI Metro Area | CS1: Detroit-Warren-Dearborn, MI Metro Area | CT1: Detroit-Warren-Dearborn, MI Metro Area | CU1: Detroit-Warren-Dearborn, MI Metro Area | CV1: Detroit-Warren-Dearborn, MI Metro Area | CW1: Detroit-Warren-Dearborn, MI Metro Area | CX1: Detroit-Warren-Dearborn, MI Metro Area | CY1: Detroit-Warren-Dearborn, MI Metro Area | CZ1: Detroit-Warren-Dearborn, MI Metro Area | DA1: Detroit-Warren-Dearborn, MI Metro Area | DB1: Detroit-Warren-Dearborn, MI Metro Area | DC1: Detroit-Warren-Dearborn, MI Metro Area | DD1: Detroit-Warren-Dearborn, MI Metro Area | DE1: Detroit-Warren-Dearborn, MI Metro Area | DF1: Detroit-Warren-Dearborn, MI Metro Area | DG1: Houston-Pasadena-The Woodlands, TX Metro Area | DH1: Houston-Pasadena-The Woodlands, TX Metro Area | DI1: Houston-Pasadena-The Woodlands, TX Metro Area | DJ1: Houston-Pasadena-The Woodlands, TX Metro Area | DK1: Houston-Pasadena-The Woodlands, TX Metro Area | DL1: Houston-Pasadena-The Woodlands, TX Metro Area | DM1: Houston-Pasadena-The Woodlands, TX Metro Area | DN1: Houston-Pasadena-The Woodlands, TX Metro Area | DO1: Houston-Pasadena-The Woodlands, TX Metro Area | DP1: Houston-Pasadena-The Woodlands, TX Metro Area | DQ1: Houston-Pasadena-The Woodlands, TX Metro Area | DR1: Houston-Pasadena-The Woodlands, TX Metro Area | DS1: Houston-Pasadena-The Woodlands, TX Metro Area | DT1: Houston-Pasadena-The Woodlands, TX Metro Area | DU1: Houston-Pasadena-The Woodlands, TX Metro Area | DV1: Houston-Pasadena-The Woodlands, TX Metro Area | DW1: Houston-Pasadena-The Woodlands, TX Metro Area | DX1: Houston-Pasadena-The Woodlands, TX Metro Area | DY1: Houston-Pasadena-The Woodlands, TX Metro Area | DZ1: Los Angeles-Long Beach-Anaheim, CA Metro Area | EA1: Los Angeles-Long Beach-Anaheim, CA Metro Area | EB1: Los Angeles-Long Beach-Anaheim, CA Metro Area | EC1: Los Angeles-Long Beach-Anaheim, CA Metro Area | ED1: Los Angeles-Long Beach-Anaheim, CA Metro Area | EE1: Los Angeles-Long Beach-Anaheim, CA Metro Area | EF1: Los Angeles-Long Beach-Anaheim, CA Metro Area | EG1: Los Angeles-Long Beach-Anaheim, CA Metro Area | EH1: Los Angeles-Long Beach-Anaheim, CA Metro Area | EI1: Los Angeles-Long Beach-Anaheim, CA Metro Area | EJ1: Los Angeles-Long Beach-Anaheim, CA Metro Area | EK1: Los Angeles-Long Beach-Anaheim, CA Metro Area | EL1: Los Angeles-Long Beach-Anaheim, CA Metro Area | EM1: Los Angeles-Long Beach-Anaheim, CA Metro Area | EN1: Los Angeles-Long Beach-Anaheim, CA Metro Area | EO1: Los Angeles-Long Beach-Anaheim, CA Metro Area | EP1: Los Angeles-Long Beach-Anaheim, CA Metro Area | EQ1: Los Angeles-Long Beach-Anaheim, CA Metro Area | ER1: Los Angeles-Long Beach-Anaheim, CA Metro Area | ES1: Miami-Fort Lauderdale-West Palm Beach, FL Metro Area | ET1: Miami-Fort Lauderdale-West Palm Beach, FL Metro Area | EU1: Miami-Fort Lauderdale-West Palm Beach, FL Metro Area | EV1: Miami-Fort Lauderdale-West Palm Beach, FL Metro Area | EW1: Miami-Fort Lauderdale-West Palm Beach, FL Metro Area | EX1: Miami-Fort Lauderdale-West Palm Beach, FL Metro Area | EY1: Miami-Fort Lauderdale-West Palm Beach, FL Metro Area | EZ1: Miami-Fort Lauderdale-West Palm Beach, FL Metro Area | FA1: Miami-Fort Lauderdale-West Palm Beach, FL Metro Area | FB1: Miami-Fort Lauderdale-West Palm Beach, FL Metro Area | FC1: Miami-Fort Lauderdale-West Palm Beach, FL Metro Area | FD1: Miami-Fort Lauderdale-West Palm Beach, FL Metro Area | FE1: Miami-Fort Lauderdale-West Palm Beach, FL Metro Area | FF1: Miami-Fort Lauderdale-West Palm Beach, FL Metro Area | FG1: Miami-Fort Lauderdale-West Palm Beach, FL Metro Area | FH1: Miami-Fort Lauderdale-West Palm Beach, FL Metro Area | FI1: Miami-Fort Lauderdale-West Palm Beach, FL Metro Area | FJ1: Minneapolis-St. Paul-Bloomington, MN-WI Metro Area | FK1: Minneapolis-St. Paul-Bloomington, MN-WI Metro Area | FL1: Minneapolis-St. Paul-Bloomington, MN-WI Metro Area | FM1: Minneapolis-St. Paul-Bloomington, MN-WI Metro Area | FN1: Minneapolis-St. Paul-Bloomington, MN-WI Metro Area | FO1: Minneapolis-St. Paul-Bloomington, MN-WI Metro Area | FP1: Minneapolis-St. Paul-Bloomington, MN-WI Metro Area | FQ1: Minneapolis-St. Paul-Bloomington, MN-WI Metro Area | FR1: Minneapolis-St. Paul-Bloomington, MN-WI Metro Area | FS1: Minneapolis-St. Paul-Bloomington, MN-WI Metro Area | FT1: Minneapolis-St. Paul-Bloomington, MN-WI Metro Area | FU1: Minneapolis-St. Paul-Bloomington, MN-WI Metro Area | FV1: Minneapolis-St. Paul-Bloomington, MN-WI Metro Area | FW1: Minneapolis-St. Paul-Bloomington, MN-WI Metro Area | FX1: Minneapolis-St. Paul-Bloomington, MN-WI Metro Area | FY1: Minneapolis-St. Paul-Bloomington, MN-WI Metro Area | FZ1: Minneapolis-St. Paul-Bloomington, MN-WI Metro Area | GA1: Minneapolis-St. Paul-Bloomington, MN-WI Metro Area | GB1: New York-Newark-Jersey City, NY-NJ Metro Area | GC1: New York-Newark-Jersey City, NY-NJ Metro Area | GD1: New York-Newark-Jersey City, NY-NJ Metro Area | GE1: New York-Newark-Jersey City, NY-NJ Metro Area | GF1: New York-Newark-Jersey City, NY-NJ Metro Area | GG1: New York-Newark-Jersey City, NY-NJ Metro Area | GH1: New York-Newark-Jersey City, NY-NJ Metro Area | GI1: New York-Newark-Jersey City, NY-NJ Metro Area | GJ1: New York-Newark-Jersey City, NY-NJ Metro Area | GK1: New York-Newark-Jersey City, NY-NJ Metro Area | GL1: New York-Newark-Jersey City, NY-NJ Metro Area | GM1: New York-Newark-Jersey City, NY-NJ Metro Area | GN1: New York-Newark-Jersey City, NY-NJ Metro Area | GO1: New York-Newark-Jersey City, NY-NJ Metro Area | GP1: New York-Newark-Jersey City, NY-NJ Metro Area | GQ1: New York-Newark-Jersey City, NY-NJ Metro Area | GR1: New York-Newark-Jersey City, NY-NJ Metro Area | GS1: New York-Newark-Jersey City, NY-NJ Metro Area | GT1: New York-Newark-Jersey City, NY-NJ Metro Area | GU1: Orlando-Kissimmee-Sanford, FL Metro Area | GV1: Orlando-Kissimmee-Sanford, FL Metro Area | GW1: Orlando-Kissimmee-Sanford, FL Metro Area | GX1: Orlando-Kissimmee-Sanford, FL Metro Area | GY1: Orlando-Kissimmee-Sanford, FL Metro Area | GZ1: Orlando-Kissimmee-Sanford, FL Metro Area | HA1: Orlando-Kissimmee-Sanford, FL Metro Area | HB1: Orlando-Kissimmee-Sanford, FL Metro Area | HC1: Orlando-Kissimmee-Sanford, FL Metro Area | HD1: Orlando-Kissimmee-Sanford, FL Metro Area | HE1: Orlando-Kissimmee-Sanford, FL Metro Area | HF1: Orlando-Kissimmee-Sanford, FL Metro Area | HG1: Orlando-Kissimmee-Sanford, FL Metro Area | HH1: Orlando-Kissimmee-Sanford, FL Metro Area | HI1: Orlando-Kissimmee-Sanford, FL Metro Area | HJ1: Orlando-Kissimmee-Sanford, FL Metro Area | HK1: Orlando-Kissimmee-Sanford, FL Metro Area | HL1: Orlando-Kissimmee-Sanford, FL Metro Area | HM1: Orlando-Kissimmee-Sanford, FL Metro Area | HN1: Philadelphia-Camden-Wilmington, PA-NJ-DE-MD Metro Area | HO1: Philadelphia-Camden-Wilmington, PA-NJ-DE-MD Metro Area | HP1: Philadelphia-Camden-Wilmington, PA-NJ-DE-MD Metro Area | HQ1: Philadelphia-Camden-Wilmington, PA-NJ-DE-MD Metro Area | HR1: Philadelphia-Camden-Wilmington, PA-NJ-DE-MD Metro Area | HS1: Philadelphia-Camden-Wilmington, PA-NJ-DE-MD Metro Area | HT1: Philadelphia-Camden-Wilmington, PA-NJ-DE-MD Metro Area | HU1: Philadelphia-Camden-Wilmington, PA-NJ-DE-MD Metro Area | HV1: Philadelphia-Camden-Wilmington, PA-NJ-DE-MD Metro Area | HW1: Philadelphia-Camden-Wilmington, PA-NJ-DE-MD Metro Area | HX1: Philadelphia-Camden-Wilmington, PA-NJ-DE-MD Metro Area | HY1: Philadelphia-Camden-Wilmington, PA-NJ-DE-MD Metro Area | HZ1: Philadelphia-Camden-Wilmington, PA-NJ-DE-MD Metro Area | IA1: Philadelphia-Camden-Wilmington, PA-NJ-DE-MD Metro Area | IB1: Philadelphia-Camden-Wilmington, PA-NJ-DE-MD Metro Area | IC1: Philadelphia-Camden-Wilmington, PA-NJ-DE-MD Metro Area | ID1: Philadelphia-Camden-Wilmington, PA-NJ-DE-MD Metro Area | IE1: Philadelphia-Camden-Wilmington, PA-NJ-DE-MD Metro Area | IF1: Phoenix-Mesa-Chandler, AZ Metro Area | IG1: Phoenix-Mesa-Chandler, AZ Metro Area | IH1: Phoenix-Mesa-Chandler, AZ Metro Area | II1: Phoenix-Mesa-Chandler, AZ Metro Area | IJ1: Phoenix-Mesa-Chandler, AZ Metro Area | IK1: Phoenix-Mesa-Chandler, AZ Metro Area | IL1: Phoenix-Mesa-Chandler, AZ Metro Area | IM1: Phoenix-Mesa-Chandler, AZ Metro Area | IN1: Phoenix-Mesa-Chandler, AZ Metro Area | IO1: Phoenix-Mesa-Chandler, AZ Metro Area | IP1: Phoenix-Mesa-Chandler, AZ Metro Area | IQ1: Phoenix-Mesa-Chandler, AZ Metro Area | IR1: Phoenix-Mesa-Chandler, AZ Metro Area | IS1: Phoenix-Mesa-Chandler, AZ Metro Area | IT1: Phoenix-Mesa-Chandler, AZ Metro Area | IU1: Phoenix-Mesa-Chandler, AZ Metro Area | IV1: Phoenix-Mesa-Chandler, AZ Metro Area | IW1: Phoenix-Mesa-Chandler, AZ Metro Area | IX1: Phoenix-Mesa-Chandler, AZ Metro Area | IY1: Riverside-San Bernardino-Ontario, CA Metro Area | IZ1: Riverside-San Bernardino-Ontario, CA Metro Area | JA1: Riverside-San Bernardino-Ontario, CA Metro Area | JB1: Riverside-San Bernardino-Ontario, CA Metro Area | JC1: Riverside-San Bernardino-Ontario, CA Metro Area | JD1: Riverside-San Bernardino-Ontario, CA Metro Area | JE1: Riverside-San Bernardino-Ontario, CA Metro Area | JF1: Riverside-San Bernardino-Ontario, CA Metro Area | JG1: Riverside-San Bernardino-Ontario, CA Metro Area | JH1: Riverside-San Bernardino-Ontario, CA Metro Area | JI1: Riverside-San Bernardino-Ontario, CA Metro Area | JJ1: Riverside-San Bernardino-Ontario, CA Metro Area | JK1: Riverside-San Bernardino-Ontario, CA Metro Area | JL1: Riverside-San Bernardino-Ontario, CA Metro Area | JM1: Riverside-San Bernardino-Ontario, CA Metro Area | JN1: Riverside-San Bernardino-Ontario, CA Metro Area | JO1: Riverside-San Bernardino-Ontario, CA Metro Area | JP1: Riverside-San Bernardino-Ontario, CA Metro Area | JQ1: Riverside-San Bernardino-Ontario, CA Metro Area | JR1: San Diego-Chula Vista-Carlsbad, CA Metro Area | JS1: San Diego-Chula Vista-Carlsbad, CA Metro Area | JT1: San Diego-Chula Vista-Carlsbad, CA Metro Area | JU1: San Diego-Chula Vista-Carlsbad, CA Metro Area | JV1: San Diego-Chula Vista-Carlsbad, CA Metro Area | JW1: San Diego-Chula Vista-Carlsbad, CA Metro Area | JX1: San Diego-Chula Vista-Carlsbad, CA Metro Area | JY1: San Diego-Chula Vista-Carlsbad, CA Metro Area | JZ1: San Diego-Chula Vista-Carlsbad, CA Metro Area | KA1: San Diego-Chula Vista-Carlsbad, CA Metro Area | KB1: San Diego-Chula Vista-Carlsbad, CA Metro Area | KC1: San Diego-Chula Vista-Carlsbad, CA Metro Area | KD1: San Diego-Chula Vista-Carlsbad, CA Metro Area | KE1: San Diego-Chula Vista-Carlsbad, CA Metro Area | KF1: San Diego-Chula Vista-Carlsbad, CA Metro Area | KG1: San Diego-Chula Vista-Carlsbad, CA Metro Area | KH1: San Diego-Chula Vista-Carlsbad, CA Metro Area | KI1: San Diego-Chula Vista-Carlsbad, CA Metro Area | KJ1: San Diego-Chula Vista-Carlsbad, CA Metro Area | KK1: San Francisco-Oakland-Fremont, CA Metro Area | KL1: San Francisco-Oakland-Fremont, CA Metro Area | KM1: San Francisco-Oakland-Fremont, CA Metro Area | KN1: San Francisco-Oakland-Fremont, CA Metro Area | KO1: San Francisco-Oakland-Fremont, CA Metro Area | KP1: San Francisco-Oakland-Fremont, CA Metro Area | KQ1: San Francisco-Oakland-Fremont, CA Metro Area | KR1: San Francisco-Oakland-Fremont, CA Metro Area | KS1: San Francisco-Oakland-Fremont, CA Metro Area | KT1: San Francisco-Oakland-Fremont, CA Metro Area | KU1: San Francisco-Oakland-Fremont, CA Metro Area | KV1: San Francisco-Oakland-Fremont, CA Metro Area | KW1: San Francisco-Oakland-Fremont, CA Metro Area | KX1: San Francisco-Oakland-Fremont, CA Metro Area | KY1: San Francisco-Oakland-Fremont, CA Metro Area | KZ1: San Francisco-Oakland-Fremont, CA Metro Area | LA1: San Francisco-Oakland-Fremont, CA Metro Area | LB1: San Francisco-Oakland-Fremont, CA Metro Area | LC1: San Francisco-Oakland-Fremont, CA Metro Area | LD1: Seattle-Tacoma-Bellevue, WA Metro Area | LE1: Seattle-Tacoma-Bellevue, WA Metro Area | LF1: Seattle-Tacoma-Bellevue, WA Metro Area | LG1: Seattle-Tacoma-Bellevue, WA Metro Area | LH1: Seattle-Tacoma-Bellevue, WA Metro Area | LI1: Seattle-Tacoma-Bellevue, WA Metro Area | LJ1: Seattle-Tacoma-Bellevue, WA Metro Area | LK1: Seattle-Tacoma-Bellevue, WA Metro Area | LL1: Seattle-Tacoma-Bellevue, WA Metro Area | LM1: Seattle-Tacoma-Bellevue, WA Metro Area | LN1: Seattle-Tacoma-Bellevue, WA Metro Area | LO1: Seattle-Tacoma-Bellevue, WA Metro Area | LP1: Seattle-Tacoma-Bellevue, WA Metro Area | LQ1: Seattle-Tacoma-Bellevue, WA Metro Area | LR1: Seattle-Tacoma-Bellevue, WA Metro Area | LS1: Seattle-Tacoma-Bellevue, WA Metro Area | LT1: Seattle-Tacoma-Bellevue, WA Metro Area | LU1: Seattle-Tacoma-Bellevue, WA Metro Area | LV1: Seattle-Tacoma-Bellevue, WA Metro Area | LW1: Tampa-St. Petersburg-Clearwater, FL Metro Area | LX1: Tampa-St. Petersburg-Clearwater, FL Metro Area | LY1: Tampa-St. Petersburg-Clearwater, FL Metro Area | LZ1: Tampa-St. Petersburg-Clearwater, FL Metro Area | MA1: Tampa-St. Petersburg-Clearwater, FL Metro Area | MB1: Tampa-St. Petersburg-Clearwater, FL Metro Area | MC1: Tampa-St. Petersburg-Clearwater, FL Metro Area | MD1: Tampa-St. Petersburg-Clearwater, FL Metro Area | ME1: Tampa-St. Petersburg-Clearwater, FL Metro Area | MF1: Tampa-St. Petersburg-Clearwater, FL Metro Area | MG1: Tampa-St. Petersburg-Clearwater, FL Metro Area | MH1: Tampa-St. Petersburg-Clearwater, FL Metro Area | MI1: Tampa-St. Petersburg-Clearwater, FL Metro Area | MJ1: Tampa-St. Petersburg-Clearwater, FL Metro Area | MK1: Tampa-St. Petersburg-Clearwater, FL Metro Area | ML1: Tampa-St. Petersburg-Clearwater, FL Metro Area | MM1: Tampa-St. Petersburg-Clearwater, FL Metro Area | MN1: Tampa-St. Petersburg-Clearwater, FL Metro Area | MO1: Washington-Arlington-Alexandria, DC-VA-MD-WV Metro Area | MP1: Washington-Arlington-Alexandria, DC-VA-MD-WV Metro Area | MQ1: Washington-Arlington-Alexandria, DC-VA-MD-WV Metro Area | MR1: Washington-Arlington-Alexandria, DC-VA-MD-WV Metro Area | MS1: Washington-Arlington-Alexandria, DC-VA-MD-WV Metro Area | MT1: Washington-Arlington-Alexandria, DC-VA-MD-WV Metro Area | MU1: Washington-Arlington-Alexandria, DC-VA-MD-WV Metro Area | MV1: Washington-Arlington-Alexandria, DC-VA-MD-WV Metro Area | MW1: Washington-Arlington-Alexandria, DC-VA-MD-WV Metro Area | MX1: Washington-Arlington-Alexandria, DC-VA-MD-WV Metro Area | MY1: Washington-Arlington-Alexandria, DC-VA-MD-WV Metro Area | MZ1: Washington-Arlington-Alexandria, DC-VA-MD-WV Metro Area | NA1: Washington-Arlington-Alexandria, DC-VA-MD-WV Metro Area | NB1: Washington-Arlington-Alexandria, DC-VA-MD-WV Metro Area | NC1: Washington-Arlington-Alexandria, DC-VA-MD-WV Metro Area | ND1: Washington-Arlington-Alexandria, DC-VA-MD-WV Metro Area | NE1: Washington-Arlington-Alexandria, DC-VA-MD-WV Metro Area | NF1: Washington-Arlington-Alexandria, DC-VA-MD-WV Metro Area | NG1: US | NH1: US | NI1: US | NJ1: US | NK1: US | NL1: US | NM1: US | NN1: US | NO1: US | NP1: US | NQ1: US | NR1: US | NS1: US | NT1: US | NU1: US | NV1: US | NW1: US | NX1: US | NY1: US | NZ1: US
B2: 21 - Mining, Quarrying, and Oil and Gas Extraction | C2: 22 - Utilities | D2: 23 - Construction | E2: 31-33 - Manufacturing | F2: 42 - Wholesale Trade | G2: 44-45 - Retail Trade | H2: 48-49 - Transportation and Warehousing | I2: 51 - Information | J2: 52 - Finance and Insurance | K2: 53 - Real Estate and Rental and Leasing | L2: 54 - Professional, Scientific, and Technical Services | M2: 55 - Management of Companies and Enterprises | N2: 56 - Administrative and Support and Waste Management and Remediation Services | O2: 61 - Educational Services | P2: 62 - Health Care and Social Assistance | Q2: 71 - Arts, Entertainment, and Recreation | R2: 72 - Accommodation and Food Services | S2: 81 - Other Services (except Public Administration) | T2: 92 - Public Administration | U2: 21 - Mining, Quarrying, and Oil and Gas Extraction | V2: 22 - Utilities | W2: 23 - Construction | X2: 31-33 - Manufacturing | Y2: 42 - Wholesale Trade | Z2: 44-45 - Retail Trade | AA2: 48-49 - Transportation and Warehousing | AB2: 51 - Information | AC2: 52 - Finance and Insurance | AD2: 53 - Real Estate and Rental and Leasing | AE2: 54 - Professional, Scientific, and Technical Services | AF2: 55 - Management of Companies and Enterprises | AG2: 56 - Administrative and Support and Waste Management and Remediation Services | AH2: 61 - Educational Services | AI2: 62 - Health Care and Social Assistance | AJ2: 71 - Arts, Entertainment, and Recreation | AK2: 72 - Accommodation and Food Services | AL2: 81 - Other Services (except Public Administration) | AM2: 92 - Public Administration | AN2: 21 - Mining, Quarrying, and Oil and Gas Extraction | AO2: 22 - Utilities | AP2: 23 - Construction | AQ2: 31-33 - Manufacturing | AR2: 42 - Wholesale Trade | AS2: 44-45 - Retail Trade | AT2: 48-49 - Transportation and Warehousing | AU2: 51 - Information | AV2: 52 - Finance and Insurance | AW2: 53 - Real Estate and Rental and Leasing | AX2: 54 - Professional, Scientific, and Technical Services | AY2: 55 - Management of Companies and Enterprises | AZ2: 56 - Administrative and Support and Waste Management and Remediation Services | BA2: 61 - Educational Services | BB2: 71 - Arts, Entertainment, and Recreation | BC2: 72 - Accommodation and Food Services | BD2: 81 - Other Services (except Public Administration) | BE2: 92 - Public Administration | BF2: 21 - Mining, Quarrying, and Oil and Gas Extraction | BG2: 22 - Utilities | BH2: 23 - Construction | BI2: 31-33 - Manufacturing | BJ2: 42 - Wholesale Trade | BK2: 44-45 - Retail Trade | BL2: 48-49 - Transportation and Warehousing | BM2: 51 - Information | BN2: 52 - Finance and Insurance | BO2: 53 - Real Estate and Rental and Leasing | BP2: 54 - Professional, Scientific, and Technical Services | BQ2: 56 - Administrative and Support and Waste Management and Remediation Services | BR2: 61 - Educational Services | BS2: 62 - Health Care and Social Assistance | BT2: 71 - Arts, Entertainment, and Recreation | BU2: 72 - Accommodation and Food Services | BV2: 81 - Other Services (except Public Administration) | BW2: 92 - Public Administration | BX2: 21 - Mining, Quarrying, and Oil and Gas Extraction | BY2: 22 - Utilities | BZ2: 23 - Construction | CA2: 31-33 - Manufacturing | CB2: 42 - Wholesale Trade | CC2: 44-45 - Retail Trade | CD2: 48-49 - Transportation and Warehousing | CE2: 51 - Information | CF2: 52 - Finance and Insurance | CG2: 53 - Real Estate and Rental and Leasing | CH2: 54 - Professional, Scientific, and Technical Services | CI2: 55 - Management of Companies and Enterprises | CJ2: 56 - Administrative and Support and Waste Management and Remediation Services | CK2: 61 - Educational Services | CL2: 62 - Health Care and Social Assistance | CM2: 71 - Arts, Entertainment, and Recreation | CN2: 72 - Accommodation and Food Services | CO2: 81 - Other Services (except Public Administration) | CP2: 92 - Public Administration | CQ2: 21 - Mining, Quarrying, and Oil and Gas Extraction | CR2: 22 - Utilities | CS2: 23 - Construction | CT2: 31-33 - Manufacturing | CU2: 42 - Wholesale Trade | CV2: 44-45 - Retail Trade | CW2: 48-49 - Transportation and Warehousing | CX2: 51 - Information | CY2: 52 - Finance and Insurance | CZ2: 54 - Professional, Scientific, and Technical Services | DA2: 55 - Management of Companies and Enterprises | DB2: 56 - Administrative and Support and Waste Management and Remediation Services | DC2: 71 - Arts, Entertainment, and Recreation | DD2: 72 - Accommodation and Food Services | DE2: 81 - Other Services (except Public Administration) | DF2: 92 - Public Administration | DG2: 21 - Mining, Quarrying, and Oil and Gas Extraction | DH2: 22 - Utilities | DI2: 23 - Construction | DJ2: 31-33 - Manufacturing | DK2: 42 - Wholesale Trade | DL2: 44-45 - Retail Trade | DM2: 48-49 - Transportation and Warehousing | DN2: 51 - Information | DO2: 52 - Finance and Insurance | DP2: 53 - Real Estate and Rental and Leasing | DQ2: 54 - Professional, Scientific, and Technical Services | DR2: 55 - Management of Companies and Enterprises | DS2: 56 - Administrative and Support and Waste Management and Remediation Services | DT2: 61 - Educational Services | DU2: 62 - Health Care and Social Assistance | DV2: 71 - Arts, Entertainment, and Recreation | DW2: 72 - Accommodation and Food Services | DX2: 81 - Other Services (except Public Administration) | DY2: 92 - Public Administration | DZ2: 21 - Mining, Quarrying, and Oil and Gas Extraction | EA2: 22 - Utilities | EB2: 23 - Construction | EC2: 31-33 - Manufacturing | ED2: 42 - Wholesale Trade | EE2: 44-45 - Retail Trade | EF2: 48-49 - Transportation and Warehousing | EG2: 51 - Information | EH2: 52 - Finance and Insurance | EI2: 53 - Real Estate and Rental and Leasing | EJ2: 54 - Professional, Scientific, and Technical Services | EK2: 55 - Management of Companies and Enterprises | EL2: 56 - Administrative and Support and Waste Management and Remediation Services | EM2: 61 - Educational Services | EN2: 62 - Health Care and Social Assistance | EO2: 71 - Arts, Entertainment, and Recreation | EP2: 72 - Accommodation and Food Services | EQ2: 81 - Other Services (except Public Administration) | ER2: 92 - Public Administration | ES2: 21 - Mining, Quarrying, and Oil and Gas Extraction | ET2: 22 - Utilities | EU2: 23 - Construction | EV2: 31-33 - Manufacturing | EW2: 42 - Wholesale Trade | EX2: 44-45 - Retail Trade | EY2: 48-49 - Transportation and Warehousing | EZ2: 51 - Information | FA2: 52 - Finance and Insurance | FB2: 54 - Professional, Scientific, and Technical Services | FC2: 55 - Management of Companies and Enterprises | FD2: 56 - Administrative and Support and Waste Management and Remediation Services | FE2: 61 - Educational Services | FF2: 62 - Health Care and Social Assistance | FG2: 72 - Accommodation and Food Services | FH2: 81 - Other Services (except Public Administration) | FI2: 92 - Public Administration | FJ2: 21 - Mining, Quarrying, and Oil and Gas Extraction | FK2: 22 - Utilities | FL2: 23 - Construction | FM2: 42 - Wholesale Trade | FN2: 44-45 - Retail Trade | FO2: 48-49 - Transportation and Warehousing | FP2: 51 - Information | FQ2: 52 - Finance and Insurance | FR2: 53 - Real Estate and Rental and Leasing | FS2: 54 - Professional, Scientific, and Technical Services | FT2: 55 - Management of Companies and Enterprises | FU2: 56 - Administrative and Support and Waste Management and Remediation Services | FV2: 61 - Educational Services | FW2: 62 - Health Care and Social Assistance | FX2: 71 - Arts, Entertainment, and Recreation | FY2: 72 - Accommodation and Food Services | FZ2: 81 - Other Services (except Public Administration) | GA2: 92 - Public Administration | GB2: 21 - Mining, Quarrying, and Oil and Gas Extraction | GC2: 22 - Utilities | GD2: 23 - Construction | GE2: 31-33 - Manufacturing | GF2: 42 - Wholesale Trade | GG2: 44-45 - Retail Trade | GH2: 48-49 - Transportation and Warehousing | GI2: 51 - Information | GJ2: 52 - Finance and Insurance | GK2: 53 - Real Estate and Rental and Leasing | GL2: 54 - Professional, Scientific, and Technical Services | GM2: 55 - Management of Companies and Enterprises | GN2: 56 - Administrative and Support and Waste Management and Remediation Services | GO2: 61 - Educational Services | GP2: 62 - Health Care and Social Assistance | GQ2: 71 - Arts, Entertainment, and Recreation | GR2: 72 - Accommodation and Food Services | GS2: 81 - Other Services (except Public Administration) | GT2: 92 - Public Administration | GU2: 21 - Mining, Quarrying, and Oil and Gas Extraction | GV2: 22 - Utilities | GW2: 23 - Construction | GX2: 31-33 - Manufacturing | GY2: 42 - Wholesale Trade | GZ2: 44-45 - Retail Trade | HA2: 48-49 - Transportation and Warehousing | HB2: 51 - Information | HC2: 52 - Finance and Insurance | HD2: 53 - Real Estate and Rental and Leasing | HE2: 54 - Professional, Scientific, and Technical Services | HF2: 55 - Management of Companies and Enterprises | HG2: 56 - Administrative and Support and Waste Management and Remediation Services | HH2: 61 - Educational Services | HI2: 62 - Health Care and Social Assistance | HJ2: 71 - Arts, Entertainment, and Recreation | HK2: 72 - Accommodation and Food Services | HL2: 81 - Other Services (except Public Administration) | HM2: 92 - Public Administration | HN2: 21 - Mining, Quarrying, and Oil and Gas Extraction | HO2: 22 - Utilities | HP2: 23 - Construction | HQ2: 31-33 - Manufacturing | HR2: 42 - Wholesale Trade | HS2: 44-45 - Retail Trade | HT2: 48-49 - Transportation and Warehousing | HU2: 52 - Finance and Insurance | HV2: 53 - Real Estate and Rental and Leasing | HW2: 54 - Professional, Scientific, and Technical Services | HX2: 55 - Management of Companies and Enterprises | HY2: 56 - Administrative and Support and Waste Management and Remediation Services | HZ2: 61 - Educational Services | IA2: 62 - Health Care and Social Assistance | IB2: 71 - Arts, Entertainment, and Recreation | IC2: 72 - Accommodation and Food Services | ID2: 81 - Other Services (except Public Administration) | IE2: 92 - Public Administration | IF2: 21 - Mining, Quarrying, and Oil and Gas Extraction | IG2: 22 - Utilities | IH2: 23 - Construction | II2: 31-33 - Manufacturing | IJ2: 42 - Wholesale Trade | IK2: 44-45 - Retail Trade | IL2: 48-49 - Transportation and Warehousing | IM2: 51 - Information | IN2: 52 - Finance and Insurance | IO2: 53 - Real Estate and Rental and Leasing | IP2: 54 - Professional, Scientific, and Technical Services | IQ2: 55 - Management of Companies and Enterprises | IR2: 56 - Administrative and Support and Waste Management and Remediation Services | IS2: 61 - Educational Services | IT2: 62 - Health Care and Social Assistance | IU2: 71 - Arts, Entertainment, and Recreation | IV2: 72 - Accommodation and Food Services | IW2: 81 - Other Services (except Public Administration) | IX2: 92 - Public Administration | IY2: 21 - Mining, Quarrying, and Oil and Gas Extraction | IZ2: 22 - Utilities | JA2: 23 - Construction | JB2: 31-33 - Manufacturing | JC2: 42 - Wholesale Trade | JD2: 44-45 - Retail Trade | JE2: 48-49 - Transportation and Warehousing | JF2: 51 - Information | JG2: 52 - Finance and Insurance | JH2: 53 - Real Estate and Rental and Leasing | JI2: 54 - Professional, Scientific, and Technical Services | JJ2: 55 - Management of Companies and Enterprises | JK2: 56 - Administrative and Support and Waste Management and Remediation Services | JL2: 61 - Educational Services | JM2: 62 - Health Care and Social Assistance | JN2: 71 - Arts, Entertainment, and Recreation | JO2: 72 - Accommodation and Food Services | JP2: 81 - Other Services (except Public Administration) | JQ2: 92 - Public Administration | JR2: 21 - Mining, Quarrying, and Oil and Gas Extraction | JS2: 22 - Utilities | JT2: 23 - Construction | JU2: 31-33 - Manufacturing | JV2: 42 - Wholesale Trade | JW2: 44-45 - Retail Trade | JX2: 48-49 - Transportation and Warehousing | JY2: 51 - Information | JZ2: 52 - Finance and Insurance | KA2: 53 - Real Estate and Rental and Leasing | KB2: 54 - Professional, Scientific, and Technical Services | KC2: 55 - Management of Companies and Enterprises | KD2: 56 - Administrative and Support and Waste Management and Remediation Services | KE2: 61 - Educational Services | KF2: 62 - Health Care and Social Assistance | KG2: 71 - Arts, Entertainment, and Recreation | KH2: 72 - Accommodation and Food Services | KI2: 81 - Other Services (except Public Administration) | KJ2: 92 - Public Administration | KK2: 21 - Mining, Quarrying, and Oil and Gas Extraction | KL2: 22 - Utilities | KM2: 23 - Construction | KN2: 31-33 - Manufacturing | KO2: 42 - Wholesale Trade | KP2: 44-45 - Retail Trade | KQ2: 48-49 - Transportation and Warehousing | KR2: 51 - Information | KS2: 52 - Finance and Insurance | KT2: 53 - Real Estate and Rental and Leasing | KU2: 54 - Professional, Scientific, and Technical Services | KV2: 55 - Management of Companies and Enterprises | KW2: 56 - Administrative and Support and Waste Management and Remediation Services | KX2: 61 - Educational Services | KY2: 62 - Health Care and Social Assistance | KZ2: 71 - Arts, Entertainment, and Recreation | LA2: 72 - Accommodation and Food Services | LB2: 81 - Other Services (except Public Administration) | LC2: 92 - Public Administration | LD2: 21 - Mining, Quarrying, and Oil and Gas Extraction | LE2: 22 - Utilities | LF2: 23 - Construction | LG2: 31-33 - Manufacturing | LH2: 42 - Wholesale Trade | LI2: 44-45 - Retail Trade | LJ2: 48-49 - Transportation and Warehousing | LK2: 51 - Information | LL2: 52 - Finance and Insurance | LM2: 53 - Real Estate and Rental and Leasing | LN2: 54 - Professional, Scientific, and Technical Services | LO2: 55 - Management of Companies and Enterprises | LP2: 56 - Administrative and Support and Waste Management and Remediation Services | LQ2: 61 - Educational Services | LR2: 62 - Health Care and Social Assistance | LS2: 71 - Arts, Entertainment, and Recreation | LT2: 72 - Accommodation and Food Services | LU2: 81 - Other Services (except Public Administration) | LV2: 92 - Public Administration | LW2: 21 - Mining, Quarrying, and Oil and Gas Extraction | LX2: 22 - Utilities | LY2: 23 - Construction | LZ2: 31-33 - Manufacturing | MA2: 42 - Wholesale Trade | MB2: 44-45 - Retail Trade | MC2: 48-49 - Transportation and Warehousing | MD2: 51 - Information | ME2: 52 - Finance and Insurance | MF2: 53 - Real Estate and Rental and Leasing | MG2: 54 - Professional, Scientific, and Technical Services | MH2: 55 - Management of Companies and Enterprises | MI2: 56 - Administrative and Support and Waste Management and Remediation Services | MJ2: 61 - Educational Services | MK2: 62 - Health Care and Social Assistance | ML2: 72 - Accommodation and Food Services | MM2: 81 - Other Services (except Public Administration) | MN2: 92 - Public Administration | MO2: 22 - Utilities | MP2: 23 - Construction | MQ2: 31-33 - Manufacturing | MR2: 42 - Wholesale Trade | MS2: 44-45 - Retail Trade | MT2: 48-49 - Transportation and Warehousing | MU2: 51 - Information | MV2: 52 - Finance and Insurance | MW2: 53 - Real Estate and Rental and Leasing | MX2: 54 - Professional, Scientific, and Technical Services | MY2: 55 - Management of Companies and Enterprises | MZ2: 56 - Administrative and Support and Waste Management and Remediation Services | NA2: 61 - Educational Services | NB2: 62 - Health Care and Social Assistance | NC2: 71 - Arts, Entertainment, and Recreation | ND2: 72 - Accommodation and Food Services | NE2: 81 - Other Services (except Public Administration) | NF2: 92 - Public Administration | NG2: Total Nonfarm | NH2: 21 - Mining, Quarrying, and Oil and Gas Extraction | NI2: 22 - Utilities | NJ2: 23 - Construction | NK2: 31-33 - Manufacturing | NL2: 42 - Wholesale Trade | NM2: 44-45 - Retail Trade | NN2: 48-49 - Transportation and Warehousing | NO2: 51 - Information | NP2: 52 - Finance and Insurance | NQ2: 53 - Real Estate and Rental and Leasing | NR2: 54 - Professional, Scientific, and Technical Services | NS2: 55 - Management of Companies and Enterprises | NT2: 56 - Administrative and Support and Waste Management and Remediation Services | NU2: 61 - Educational Services | NV2: 62 - Health Care and Social Assistance | NW2: 71 - Arts, Entertainment, and Recreation | NX2: 72 - Accommodation and Food Services | NY2: 81 - Other Services (except Public Administration) | NZ2: 92 - Public Administration
A3: Date | B3: =B1&B2 -> Atlanta-Sandy Springs-Roswell, GA Metro Area21 - Mining, Quarrying, and Oil and Gas Extraction | C3: =C1&C2 -> Atlanta-Sandy Springs-Roswell, GA Metro Area22 - Utilities | D3: =D1&D2 -> Atlanta-Sandy Springs-Roswell, GA Metro Area23 - Construction | E3: =E1&E2 -> Atlanta-Sandy Springs-Roswell, GA Metro Area31-33 - Manufacturing | F3: =F1&F2 -> Atlanta-Sandy Springs-Roswell, GA Metro Area42 - Wholesale Trade | G3: =G1&G2 -> Atlanta-Sandy Springs-Roswell, GA Metro Area44-45 - Retail Trade | H3: =H1&H2 -> Atlanta-Sandy Springs-Roswell, GA Metro Area48-49 - Transportation and Warehousing | I3: =I1&I2 -> Atlanta-Sandy Springs-Roswell, GA Metro Area51 - Information | ... NZ3: =NZ1&NZ2 -> US 92 - Public Administration
A4: 36526 | B4: 1.8 | C4: 10.934446 | D4: 126.08222 | E4: 90.43399 | F4: 154.48417 | G4: 261.87373 | H4: 101.96701 | I4: 104.03059 | J4: 114.15082 | K4: 39.794792 | L4: 152.6107 | M4: 64.080498 | N4: 202.08203 | O4: 29.924111 | P4: 151.17615 | Q4: 23.340461 | R4: 171.66995 | S4: 39.760003 | T4: 278.50492 | U4: 0.9 | V4: 74 | W4: 19.7 | X4: 136.59053 | Y4: 101.5 | Z4: 251.3 | AA4: 64.8 | AB4: 45.2 | AC4: 132.06365 | AD4: 18.951314 | AE4: 209.1 | AF4: 52.2 | AG4: 138.1 | AH4: 99.3 | AI4: 286 | AJ4: 23.2 | AK4: 157.5 | AL4: 88.752759 | AM4: 8.9027179 | AO4: 11.176792 | AQ4: 635.39235 | AR4: 250.25563 | AS4: 454.28239 | AT4: 175.09337 | AU4: 115.27239 | AV4: 218.57508 | AW4: 40.594386 | AX4: 285.84522 | AY4: 62.488286 | AZ4: 258.61719 | BA4: 73.509561 | BB4: 43.09865 | BC4: 238.86606 | BD4: 83.302196 | BE4: 56.620025 | BF4: 162.03732 | BG4: 626.27821 | BH4: 162.03732 | BI4: 355.30464 | BJ4: 174.08787 | BK4: 313.59881 | BL4: 138.86176 | BM4: 118.02558 | BN4: 150.50445 | BO4: 47.928246 | BP4: 157.86197 | BQ4: 220.14351 | BR4: 207.58576 | BS4: 207.58576 | BT4: 15.64607 | BU4: 207.58619 | BV4: 103.28083 | BW4: 317.12356 | BX4: 91.015823 | BY4: 3.8 | BZ4: 15.192119 | CA4: 31.98482 | CB4: 65.710955 | CC4: 123.33858 | CD4: 47.981478 | CE4: 68.667043 | CF4: 70.830958 | CG4: 24.988563 | CH4: 91.959237 | CI4: 13.914623 | CJ4: 89.716621 | CK4: 13.681976 | CL4: 86.872138 | CM4: 17.949974 | CN4: 95.364383 | CO4: 22.235503 | CP4: 152.02707 | CQ4: 94.873931 | CR4: 415.93765 | CS4: 94.873931 | CT4: 381.47534 | CU4: 102.5941 | CV4: 242.36645 | CW4: 65.366695 | CX4: 37.174488 | CY4: 82.286593 | CZ4: 183.94022 | DA4: 47.792383 | DB4: 180.34403 | DC4: 26.143551 | DD4: 152.89211 | DE4: 9.4181754 | DF4: 9.4181754 | DG4: 60.804695 | DH4: 16.172587 | DI4: 171.01021 | DJ4: 19.42708 | DK4: 118.76458 | DL4: 249.89104 | DM4: 118.86646 | DN4: 171.01021 | DO4: 85.813655 | DP4: 46.47674 | DQ4: 144.94452 | DR4: 10.772933 | DS4: 161.30868 | DT4: 37.531429 | DU4: 183.96798 | DV4: 24.705616 | DW4: 157.63317 | DX4: 3.7544116 | DY4: 27.715537 | DZ4: 2.1 | EA4: 23.858441 | EB4: 204.33453 | EC4: 840.47017 | ED4: 296.36482 | EE4: 533.44012 | EF4: 198.55196 | EG4: 137.84227 | EH4: 219.25802 | EI4: 105.45453 | EJ4: 312.56111 | EK4: 127.76955 | EL4: 387.94829 | EM4: 102.77736 | EN4: 469.61939 | EO4: 86.562017 | EP4: 392.46258 | EQ4: 182.8 | ER4: 40.1 | ET4: 268.35048 | EV4: 137.42662 | EW4: 120.66314 | EX4: 295.45572 | EY4: 101.96664 | EZ4: 57.477315 | FD4: 137.65831 | FH4: 47.052817 | FI4: 18.473618 | FJ4: 76.522621 | FK4: 8.0612015 | FL4: 17 | FM4: 82.2 | FN4: 189.19438 | FO4: 67.18513 | FP4: 48.367185 | FQ4: 101.76552 | FR4: 26.901792 | FS4: 105.86492 | FT4: 60.870975 | FU4: 100.08022 | FV4: 24.035362 | FW4: 161.48412 | FX4: 23.82204 | FY4: 119.10358 | FZ4: 16.213737 | GA4: 22.065556 | GC4: 1613.1037 | GD4: 320.4 | GE4: 764.8 | GF4: 447.72353 | GG4: 829.3682 | GH4: 302.06921 | GI4: 180.71223 | GJ4: 626.12243 | GK4: 116.49758 | GL4: 628.24839 | GM4: 143.86352 | GN4: 498.39437 | GO4: 142.51098 | GP4: 1003.1878 | GQ4: 121.2 | GR4: 437.5459 | GS4: 156.43517 | GT4: 571.22991 | GU4: 0.5 | GV4: 178.6933 | GW4: 59.018106 | GX4: 15.050945 | GY4: 37.911258 | GZ4: 109.97507 | HA4: 30.373295 | HB4: 23.558583 | HC4: 35.413048 | HD4: 22.145995 | HE4: 44.747538 | HF4: 10.385521 | HG4: 82.076182 | HH4: 84.590096 | HI4: 27.100624 | HJ4: 62.444505 | HK4: 115.59751 | HL4: 34.983787 | HM4: 9.7661083 | HN4: 23.537302 | HO4: 530.93099 | HP4: 23.537302 | HQ4: 292.55913 | HR4: 124.26057 | HS4: 312.23009 | HT4: 29.64718 | HU4: 177.22959 | HV4: 40.690476 | HW4: 188.25247 | HX4: 13.859852 | HY4: 170.05084 | HZ4: 71.574142 | IA4: 352.98159 | IB4: 10.4 | IC4: 161.691 | ID4: 29.389661 | IE4: 90.876814 | IF4: 2.4 | IG4: 7.2669396 | IH4: 118.86373 | II4: 160.74756 | IJ4: 76.737378 | IK4: 181.77403 | IL4: 50.304634 | IM4: 39.554033 | IN4: 91.211963 | IO4: 31.923544 | IP4: 75.921537 | IQ4: 15.632864 | IR4: 163.77559 | IS4: 17.567911 | IT4: 119.58149 | IU4: 19.094448 | IV4: 129.35373 | IW4: 54.560021 | IX4: 13.263974 | IY4: 1.3 | IZ4: 4.4 | JA4: 76.582747 | JB4: 118.15907 | JC4: 36.339131 | JD4: 124.83875 | JE4: 42.86808 | JF4: 14.948237 | JG4: 21.122735 | JH4: 14.077169 | JI4: 20.430073 | JJ4: 10.046434 | JK4: 63.343628 | JL4: 10.962803 | JM4: 96.498631 | JN4: 15.116632 | JO4: 84.735759 | JP4: 37.278343 | JQ4: 15.490936 | JR4: 0.3 | JS4: 5.8 | JT4: 68.727844 | JU4: 14.521755 | JV4: 39.777747 | JW4: 131.46553 | JX4: 23.567156 | JY4: 33.939426 | JZ4: 43.660678 | KA4: 27.637597 | KB4: 91.472798 | KC4: 18.561876 | KD4: 83.647062 | KE4: 17.748126 | KF4: 101.39007 | KG4: 17.846472 | KH4: 109.23954 | KI4: 13.394695 | KJ4: 206.41063 | KK4: 2.4 | KL4: 46.259399 | KM4: 108.2924 | KN4: 70 | KO4: 83.521739 | KP4: 211.49075 | KQ4: 86.2 | KR4: 97.873512 | KS4: 106.5 | KT4: 41.3 | KU4: 179.4 | KV4: 63.4 | KW4: 138.4 | KX4: 36.6 | KY4: 189.6 | KZ4: 30.7 | LA4: 157.4 | LB4: 19.155103 | LC4: 306.83758 | LD4: 2.574969 | LE4: 64.780135 | LF4: 96.323754 | LG4: 219.37909 | LH4: 79.799184 | LI4: 178.65426 | LJ4: 50.482492 | LK4: 73.778777 | LL4: 50.514691 | LM4: 26.026447 | LN4: 84.693986 | LO4: 19.605771 | LP4: 93.480638 | LQ4: 19.718437 | LR4: 54.756578 | LS4: 19.051392 | LT4: 81.10817 | LU4: 68.165661 | LV4: 49.41239 | LW4: 0.5 | LX4: 236.75921 | LY4: 66.015304 | LZ4: 89.658533 | MA4: 53.858524 | MB4: 146.76033 | MC4: 36.546968 | MD4: 37.200633 | ME4: 72.902842 | MF4: 18.746841 | MG4: 67.470551 | MH4: 15.930055 | MI4: 83.280722 | MJ4: 51.517516 | MK4: 51.517516 | ML4: 94.675633 | MM4: 44.631122 | MN4: 142.88394 | MO4: 4.4 | MP4: 157.8 | MQ4: 13.182819 | MR4: 67.349463 | MS4: 15.691191 | MT4: 90.462163 | MU4: 29.82314 | MV4: 69.483641 | MW4: 36.288293 | MX4: 339.63587 | MY4: 29.8 | MZ4: 133.9 | NA4: 63.855947 | NB4: 69.926863 | NC4: 44.8 | ND4: 205.6 | NE4: 1819.3732 | NF4: 327.22916
A5: 36557 | B5: 2 | C5: 10.875008 | D5: 126.65007 | E5: 90.272015 | F5: 155.37302 | G5: 264.06379 | H5: 101.81577 | I5: 103.86734 | J5: 114.02018 | K5: 40.010319 | L5: 153.21502 | M5: 63.201292 | N5: 200.93969 | O5: 30.265503 | P5: 151.15907 | Q5: 23.60326 | R5: 171.24325 | S5: 39.843213 | T5: 278.97624 | U5: 0.8 | V5: 74.1 | W5: 19.9 | X5: 136.74984 | Y5: 101.6 | Z5: 246.5 | AA5: 65 | AB5: 45.4 | AC5: 131.79222 | AD5: 19.060301 | AE5: 211.3 | AF5: 52.8 | AG5: 139.3 | AH5: 103.7 | AI5: 286.4 | AJ5: 23.4 | AK5: 158.9 | AL5: 89.112227 | AM5: 9.2338599 | AO5: 11.151455 | AQ5: 635.84849 | AR5: 251.20164 | AS5: 456.14299 | AT5: 175.73679 | AU5: 115.94757 | AV5: 218.72259 | AW5: 40.608006 | AX5: 286.04884 | AY5: 62.541301 | AZ5: 260.80518 | BA5: 73.453294 | BB5: 43.15966 | BC5: 239.20881 | BD5: 83.112969 | BE5: 56.628894 | BF5: 163.87049 | BG5: 628.67733 | BH5: 163.87049 | BI5: 355.0788 | BJ5: 173.88661 | BK5: 316.11989 | BL5: 139.40994 | BM5: 119.97683 | BN5: 151.06377 | BO5: 47.284693 | BP5: 158.85174 | BQ5: 220.70597 | BR5: 207.11029 | BS5: 207.11029 | BT5: 15.679155 | BU5: 208.11107 | BV5: 103.52424 | BW5: 316.83397 | BX5: 92.413197 | BY5: 3.8 | BZ5: 15.347884 | CA5: 31.931541 | CB5: 66.652532 | CC5: 124.28435 | CD5: 48.379336 | CE5: 69.407887 | CF5: 70.827689 | CG5: 25.047072 | CH5: 92.696909 | CI5: 13.945694 | CJ5: 88.10925 | CK5: 13.714384 | CL5: 86.809122 | CM5: 18.382417 | CN5: 95.583022 | CO5: 22.214866 | CP5: 152.66652 | CQ5: 95.577921 | CR5: 415.90174 | CS5: 95.577921 | CT5: 381.02985 | CU5: 102.41093 | CV5: 242.66081 | CW5: 65.163731 | CX5: 37.180263 | CY5: 81.57391 | CZ5: 183.96499 | DA5: 47.961743 | DB5: 179.22514 | DC5: 26.231337 | DD5: 153.46954 | DE5: 9.7343368 | DF5: 9.7343368 | DG5: 60.951407 | DH5: 16.14074 | DI5: 171.89546 | DJ5: 19.714087 | DK5: 118.80917 | DL5: 249.56377 | DM5: 120.18205 | DN5: 171.89546 | DO5: 85.731614 | DP5: 46.568553 | DQ5: 146.1687 | DR5: 10.867847 | DS5: 160.96645 | DT5: 37.601139 | DU5: 184.02826 | DV5: 24.443986 | DW5: 158.40684 | DX5: 1.5566381 | DY5: 27.883229 | DZ5: 2.3 | EA5: 23.764674 | EB5: 205.19241 | EC5: 840.10106 | ED5: 296.20103 | EE5: 536.65661 | EF5: 198.90392 | EG5: 137.67109 | EH5: 219.42818 | EI5: 105.59485 | EJ5: 312.98528 | EK5: 127.73638 | EL5: 390.04162 | EM5: 103.22833 | EN5: 469.61478 | EO5: 87.475064 | EP5: 394.1965 | EQ5: 182.6 | ER5: 40.2 | ET5: 267.79626 | EV5: 137.12912 | EW5: 120.63123 | EX5: 296.37236 | EY5: 101.38466 | EZ5: 57.419739 | FD5: 136.95967 | FH5: 46.848226 | FI5: 18.680222 | FJ5: 77.31969 | FK5: 8.239538 | FL5: 17 | FM5: 82.2 | FN5: 189.93266 | FO5: 67.350968 | FP5: 48.838859 | FQ5: 101.70874 | FR5: 26.803099 | FS5: 106.17387 | FT5: 61.164851 | FU5: 98.843266 | FV5: 25.126362 | FW5: 161.7634 | FX5: 24.079737 | FY5: 119.25834 | FZ5: 16.400898 | GA5: 22.269414 | GC5: 1615.7478 | GD5: 319.3 | GE5: 761.4 | GF5: 447.90651 | GG5: 831.12909 | GH5: 302.18472 | GI5: 181.65128 | GJ5: 627.40553 | GK5: 117.23203 | GL5: 631.73852 | GM5: 143.69638 | GN5: 501.51973 | GO5: 140.59674 | GP5: 1004.7798 | GQ5: 121.7 | GR5: 439.30258 | GS5: 157.7639 | GT5: 569.29383 | GU5: 0.5 | GV5: 179.3265 | GW5: 59.582087 | GX5: 14.984925 | GY5: 38.188904 | GZ5: 110.6089 | HA5: 30.471669 | HB5: 23.320413 | HC5: 35.442997 | HD5: 22.342313 | HE5: 45.756637 | HF5: 10.642763 | HG5: 81.340199 | HH5: 84.396885 | HI5: 27.07487 | HJ5: 62.570738 | HK5: 115.7646 | HL5: 35.026822 | HM5: 9.90791 | HN5: 23.090203 | HO5: 531.78497 | HP5: 23.090203 | HQ5: 291.8844 | HR5: 124.39668 | HS5: 312.99348 | HT5: 29.641614 | HU5: 177.6519 | HV5: 40.701437 | HW5: 188.73218 | HX5: 13.987289 | HY5: 168.65308 | HZ5: 70.693637 | IA5: 352.33925 | IB5: 10.6 | IC5: 161.31852 | ID5: 29.547391 | IE5: 91.140738 | IF5: 2.4 | IG5: 7.2726792 | IH5: 119.91815 | II5: 161.25317 | IJ5: 76.916394 | IK5: 183.27164 | IL5: 50.068282 | IM5: 39.841254 | IN5: 92.356328 | IO5: 32.136776 | IP5: 76.544609 | IQ5: 15.819295 | IR5: 164.67139 | IS5: 17.840715 | IT5: 120.04786 | IU5: 19.29918 | IV5: 129.06784 | IW5: 54.97298 | IX5: 13.325222 | IY5: 1.3 | IZ5: 4.4 | JA5: 77.276299 | JB5: 118.39181 | JC5: 36.327437 | JD5: 125.36139 | JE5: 42.901952 | JF5: 15.064484 | JG5: 21.164008 | JH5: 13.916153 | JI5: 20.636273 | JJ5: 10.094684 | JK5: 63.601865 | JL5: 11.022144 | JM5: 95.925379 | JN5: 15.03875 | JO5: 85.111704 | JP5: 37.271533 | JQ5: 15.534122 | JR5: 0.3 | JS5: 5.8 | JT5: 69.318083 | JU5: 14.666858 | JV5: 39.978662 | JW5: 133.07247 | JX5: 23.597738 | JY5: 34.624949 | JZ5: 43.825487 | KA5: 27.558551 | KB5: 91.68761 | KC5: 18.431062 | KD5: 83.505844 | KE5: 18.166484 | KF5: 101.47615 | KG5: 17.790248 | KH5: 109.64147 | KI5: 13.428206 | KJ5: 205.28882 | KK5: 2.6 | KL5: 46.3918 | KM5: 108.66781 | KN5: 70 | KO5: 83.555788 | KP5: 212.02941 | KQ5: 86.2 | KR5: 99.890737 | KS5: 106.8 | KT5: 41.6 | KU5: 181.1 | KV5: 63.6 | KW5: 139.5 | KX5: 36.2 | KY5: 189.3 | KZ5: 30.8 | LA5: 158.2 | LB5: 19.349545 | LC5: 307.02031 | LD5: 2.5987375 | LE5: 64.877474 | LF5: 97.975001 | LG5: 203.45612 | LH5: 80.06155 | LI5: 179.21159 | LJ5: 50.456622 | LK5: 74.684403 | LL5: 50.592577 | LM5: 26.020304 | LN5: 85.430334 | LO5: 19.540975 | LP5: 93.346982 | LQ5: 19.904639 | LR5: 54.973496 | LS5: 19.384424 | LT5: 81.00794 | LU5: 68.287927 | LV5: 50.000864 | LW5: 0.5 | LX5: 237.90781 | LY5: 66.569587 | LZ5: 90.007336 | MA5: 53.93416 | MB5: 147.86329 | MC5: 36.610675 | MD5: 37.380291 | ME5: 72.941467 | MF5: 18.685054 | MG5: 67.749373 | MH5: 16.126771 | MI5: 83.908414 | MJ5: 51.505406 | MK5: 51.505406 | ML5: 95.44002 | MM5: 44.733214 | MN5: 142.14376 | MO5: 4.4 | MP5: 159.3 | MQ5: 13.026249 | MR5: 67.595372 | MS5: 15.697325 | MT5: 90.491708 | MU5: 30.185173 | MV5: 69.638791 | MW5: 36.337447 | MX5: 342.35391 | MY5: 29.8 | MZ5: 133.2 | NA5: 64.299435 | NB5: 70.172493 | NC5: 45.1 | ND5: 206.1 | NE5: 1824.3812 | NF5: 327.5584
A6: 36586 | B6: 2 | C6: 10.912661 | D6: 127.71844 | E6: 90.180431 | F6: 155.83125 | G6: 265.43137 | H6: 101.8781 | I6: 104.5795 | J6: 113.85372 | K6: 40.025156 | L6: 154.15246 | M6: 63.043499 | N6: 200.74215 | O6: 30.117076 | P6: 151.74274 | Q6: 23.897675 | R6: 172.20546 | S6: 40.184042 | T6: 280.15101 | U6: 0.9 | V6: 73.8 | W6: 20.2 | X6: 136.89606 | Y6: 101.9 | Z6: 246.8 | AA6: 65 | AB6: 45.8 | AC6: 131.91179 | AD6: 19.209473 | AE6: 213 | AF6: 53 | AG6: 142.1 | AH6: 104.3 | AI6: 286.7 | AJ6: 24.5 | AK6: 160.6 | AL6: 88.931887 | AM6: 8.903625 | AO6: 11.206439 | AQ6: 636.4692 | AR6: 251.2258 | AS6: 456.83664 | AT6: 175.73706 | AU6: 116.55102 | AV6: 217.36599 | AW6: 40.61981 | AX6: 286.70333 | AY6: 62.681383 | AZ6: 262.53382 | BA6: 73.909689 | BB6: 43.28334 | BC6: 240.23765 | BD6: 83.307444 | BE6: 56.996584 | BF6: 166.28873 | BG6: 630.05863 | BH6: 166.28873 | BI6: 354.88038 | BJ6: 174.94974 | BK6: 315.68188 | BL6: 139.59684 | BM6: 120.72519 | BN6: 151.72438 | BO6: 47.284934 | BP6: 159.85589 | BQ6: 221.71243 | BR6: 207.86793 | BS6: 207.86793 | BT6: 15.678172 | BU6: 208.42237 | BV6: 103.77886 | BW6: 317.89112 | BX6: 93.666585 | BY6: 3.7 | BZ6: 15.382352 | CA6: 31.991729 | CB6: 67.092353 | CC6: 124.20528 | CD6: 47.717992 | CE6: 70.047533 | CF6: 71.201982 | CG6: 25.129483 | CH6: 93.296497 | CI6: 14.178837 | CJ6: 88.453057 | CK6: 13.858333 | CL6: 86.602289 | CM6: 18.756908 | CN6: 96.500924 | CO6: 22.108288 | CP6: 153.80113 | CQ6: 97.059118 | CR6: 415.01058 | CS6: 97.059118 | CT6: 379.22225 | CU6: 102.09906 | CV6: 242.17189 | CW6: 65.410844 | CX6: 37.293892 | CY6: 81.432464 | CZ6: 184.0559 | DA6: 47.945891 | DB6: 179.70697 | DC6: 26.285716 | DD6: 152.52332 | DE6: 9.8072687 | DF6: 9.8072687 | DG6: 61.30188 | DH6: 16.211245 | DI6: 172.77136 | DJ6: 19.835312 | DK6: 119.07794 | DL6: 250.51087 | DM6: 120.51873 | DN6: 172.77136 | DO6: 85.712183 | DP6: 46.756345 | DQ6: 148.08746 | DR6: 9.6655494 | DS6: 162.00096 | DT6: 37.837139 | DU6: 184.90821 | DV6: 24.530868 | DW6: 158.93122 | DX6: 5.0275619 | DY6: 28.27216 | DZ6: 2.2 | EA6: 23.603421 | EB6: 206.083 | EC6: 839.11157 | ED6: 295.56785 | EE6: 537.66713 | EF6: 198.78358 | EG6: 135.9168 | EH6: 218.61684 | EI6: 105.5362 | EJ6: 311.33059 | EK6: 127.5987 | EL6: 391.7358 | EM6: 103.87405 | EN6: 470.44768 | EO6: 88.476769 | EP6: 394.27461 | EQ6: 183.4 | ER6: 40 | ET6: 267.11662 | EV6: 137.05215 | EW6: 121.27013 | EX6: 295.76441 | EY6: 100.97652 | EZ6: 58.173114 | FD6: 137.74107 | FH6: 46.735405 | FI6: 18.761095 | FJ6: 78.721256 | FK6: 8.0461807 | FL6: 17.4 | FM6: 82.6 | FN6: 189.24298 | FO6: 67.370293 | FP6: 48.824199 | FQ6: 101.68225 | FR6: 26.933471 | FS6: 106.76069 | FT6: 60.892928 | FU6: 100.67288 | FV6: 24.952148 | FW6: 162.14005 | FX6: 24.027358 | FY6: 119.9836 | FZ6: 16.248117 | GA6: 22.84185 | GC6: 1618.6969 | GD6: 325.3 | GE6: 757.4 | GF6: 448.06963 | GG6: 833.8227 | GH6: 302.53433 | GI6: 183.7834 | GJ6: 627.92677 | GK6: 117.3312 | GL6: 634.99584 | GM6: 143.68529 | GN6: 504.6542 | GO6: 142.0529 | GP6: 1003.3467 | GQ6: 122.1 | GR6: 439.93487 | GS6: 157.84545 | GT6: 570.6837 | GU6: 0.5 | GV6: 179.74106 | GW6: 59.507663 | GX6: 14.939963 | GY6: 38.38449 | GZ6: 110.9152 | HA6: 30.53437 | HB6: 23.590175 | HC6: 35.316536 | HD6: 22.652756 | HE6: 45.984347 | HF6: 10.83527 | HG6: 82.234231 | HH6: 84.64345 | HI6: 27.325502 | HJ6: 62.091914 | HK6: 116.10266 | HL6: 34.865772 | HM6: 9.9911353 | HN6: 23.781991 | HO6: 531.51757 | HP6: 23.781991 | HQ6: 291.65729 | HR6: 124.53452 | HS6: 312.29849 | HT6: 29.837499 | HU6: 177.03205 | HV6: 40.647267 | HW6: 188.82327 | HX6: 14.007658 | HY6: 170.2618 | HZ6: 71.253067 | IA6: 352.99735 | IB6: 10.9 | IC6: 163.0663 | ID6: 29.487531 | IE6: 91.334964 | IF6: 2.4 | IG6: 7.2786931 | IH6: 120.33696 | II6: 161.26408 | IJ6: 77.295539 | IK6: 183.77097 | IL6: 49.240366 | IM6: 42.367569 | IN6: 91.955671 | IO6: 32.289634 | IP6: 76.859569 | IQ6: 15.833631 | IR6: 165.98393 | IS6: 18.049154 | IT6: 120.59649 | IU6: 19.236768 | IV6: 128.9704 | IW6: 55.071165 | IX6: 13.30205 | IY6: 1.3 | IZ6: 4.4 | JA6: 77.344025 | JB6: 118.13391 | JC6: 36.454296 | JD6: 125.38853 | JE6: 43.102539 | JF6: 15.169859 | JG6: 21.149364 | JH6: 13.904087 | JI6: 20.742861 | JJ6: 10.224866 | JK6: 64.414409 | JL6: 10.898836 | JM6: 95.923301 | JN6: 15.125864 | JO6: 85.074972 | JP6: 37.330723 | JQ6: 15.614286 | JR6: 0.3 | JS6: 5.8 | JT6: 69.043862 | JU6: 14.655546 | JV6: 39.684475 | JW6: 133.11645 | JX6: 23.82877 | JY6: 35.267317 | JZ6: 43.899004 | KA6: 27.56222 | KB6: 92.360755 | KC6: 18.542348 | KD6: 85.272265 | KE6: 18.122447 | KF6: 101.28462 | KG6: 18.019748 | KH6: 110.00663 | KI6: 13.474636 | KJ6: 206.18205 | KK6: 2.6 | KL6: 46.602579 | KM6: 109.20339 | KN6: 69.3 | KO6: 83.96309 | KP6: 212.11731 | KQ6: 86.5 | KR6: 102.12519 | KS6: 106.4 | KT6: 41.4 | KU6: 183.8 | KV6: 63.6 | KW6: 140.4 | KX6: 37 | KY6: 188.7 | KZ6: 31 | LA6: 158.5 | LB6: 19.256143 | LC6: 308.00409 | LD6: 2.6628547 | LE6: 65.115369 | LF6: 99.17574 | LG6: 218.65289 | LH6: 80.443643 | LI6: 179.89379 | LJ6: 50.519632 | LK6: 76.06257 | LL6: 50.21498 | LM6: 26.015289 | LN6: 86.252136 | LO6: 19.742457 | LP6: 94.030787 | LQ6: 20.151166 | LR6: 55.319233 | LS6: 19.440131 | LT6: 81.64641 | LU6: 69.017196 | LV6: 49.989695 | LW6: 0.5 | LX6: 239.74996 | LY6: 67.509652 | LZ6: 90.724299 | MA6: 54.462598 | MB6: 148.60278 | MC6: 37.202529 | MD6: 37.996579 | ME6: 73.303399 | MF6: 19.082622 | MG6: 68.21565 | MH6: 16.293595 | MI6: 87.127104 | MJ6: 51.888247 | MK6: 51.888247 | ML6: 96.406785 | MM6: 45.068689 | MN6: 142.60586 | MO6: 4.4 | MP6: 160.2 | MQ6: 12.961879 | MR6: 67.69464 | MS6: 15.726413 | MT6: 91.387163 | MU6: 30.410139 | MV6: 69.668592 | MW6: 36.510364 | MX6: 344.87639 | MY6: 29.8 | MZ6: 134 | NA6: 63.76485 | NB6: 70.492039 | NC6: 45.3 | ND6: 208.1 | NE6: 1834.851 | NF6: 327.3421
A7: 36617 | B7: 1.9 | C7: 10.839138 | D7: 127.87614 | E7: 89.544292 | F7: 155.2316 | G7: 266.35436 | H7: 103.38219 | I7: 105.47478 | J7: 116.40149 | K7: 39.637161 | L7: 154.65783 | M7: 63.581019 | N7: 195.18717 | O7: 30.628717 | P7: 152.40912 | Q7: 22.543627 | R7: 171.21159 | S7: 40.123729 | T7: 280.54576 | U7: 1 | V7: 74.6 | W7: 19.9 | X7: 136.19695 | Y7: 103 | Z7: 247.1 | AA7: 65.6 | AB7: 45.9 | AC7: 132.54607 | AD7: 19.135059 | AE7: 215.8 | AF7: 51.8 | AG7: 146.2 | AH7: 104.2 | AI7: 286 | AJ7: 27.7 | AK7: 164.9 | AL7: 89.796126 | AM7: 8.8922476 | AO7: 11.458756 | AQ7: 636.3766 | AR7: 250.82457 | AS7: 457.22128 | AT7: 176.18015 | AU7: 116.26206 | AV7: 216.43587 | AW7: 41.185217 | AX7: 288.61774 | AY7: 61.933263 | AZ7: 263.43992 | BA7: 74.883905 | BB7: 43.671664 | BC7: 240.24777 | BD7: 83.797125 | BE7: 59.714178 | BF7: 165.4597 | BG7: 631.61263 | BH7: 165.4597 | BI7: 355.05661 | BJ7: 176.74609 | BK7: 314.85088 | BL7: 139.46886 | BM7: 122.09215 | BN7: 152.19362 | BO7: 48.335516 | BP7: 161.63151 | BQ7: 221.28555 | BR7: 207.40984 | BS7: 207.40984 | BT7: 15.943896 | BU7: 207.82918 | BV7: 104.07148 | BW7: 319.91158 | BX7: 93.928165 | BY7: 3.7 | BZ7: 15.108694 | CA7: 31.880591 | CB7: 68.019295 | CC7: 123.85737 | CD7: 49.235063 | CE7: 71.075227 | CF7: 70.638802 | CG7: 25.148532 | CH7: 93.594914 | CI7: 14.228273 | CJ7: 88.606843 | CK7: 13.768266 | CL7: 87.378657 | CM7: 19.314121 | CN7: 96.244773 | CO7: 22.285424 | CP7: 154.25133 | CQ7: 98.821055 | CR7: 417.44564 | CS7: 98.821055 | CT7: 384.87826 | CU7: 102.75342 | CV7: 243.36138 | CW7: 65.481573 | CX7: 37.29504 | CY7: 80.524987 | CZ7: 184.03346 | DA7: 48.92303 | DB7: 181.62123 | DC7: 26.216754 | DD7: 152.32195 | DE7: 9.761203 | DF7: 9.761203 | DG7: 61.574572 | DH7: 16.637791 | DI7: 172.47291 | DJ7: 20.70821 | DK7: 119.61599 | DL7: 249.00895 | DM7: 120.92379 | DN7: 172.47291 | DO7: 85.897255 | DP7: 46.995614 | DQ7: 148.13904 | DR7: 10.562745 | DS7: 162.67457 | DT7: 38.029723 | DU7: 185.45135 | DV7: 24.773694 | DW7: 159.23783 | DX7: 5.1570254 | DY7: 29.135552 | DZ7: 2.2 | EA7: 23.770087 | EB7: 207.48752 | EC7: 837.62343 | ED7: 294.47791 | EE7: 537.41752 | EF7: 200.18891 | EG7: 135.90491 | EH7: 219.8923 | EI7: 104.93112 | EJ7: 314.96232 | EK7: 128.18116 | EL7: 397.13332 | EM7: 104.72474 | EN7: 471.77722 | EO7: 85.999268 | EP7: 395.3502 | EQ7: 183.6 | ER7: 40.2 | ET7: 268.86677 | EV7: 135.79893 | EW7: 123.88451 | EX7: 296.79263 | EY7: 101.04692 | EZ7: 58.770336 | FD7: 139.61889 | FH7: 47.332837 | FI7: 19.90711 | FJ7: 79.841228 | FK7: 7.857171 | FL7: 17.6 | FM7: 82.8 | FN7: 188.1247 | FO7: 67.616646 | FP7: 48.937465 | FQ7: 101.42548 | FR7: 27.184099 | FS7: 107.19703 | FT7: 62.655422 | FU7: 100.75315 | FV7: 25.009716 | FW7: 162.58967 | FX7: 24.705335 | FY7: 119.73348 | FZ7: 15.932513 | GA7: 23.220635 | GC7: 1628.2543 | GD7: 323.6 | GE7: 755.8 | GF7: 449.33533 | GG7: 839.78369 | GH7: 303.29791 | GI7: 187.69142 | GJ7: 628.7974 | GK7: 117.73778 | GL7: 638.49712 | GM7: 144.25978 | GN7: 506.47594 | GO7: 143.69516 | GP7: 1005.8165 | GQ7: 123.7 | GR7: 443.07799 | GS7: 158.6865 | GT7: 575.8224 | GU7: 0.5 | GV7: 180.42951 | GW7: 60.162038 | GX7: 14.864111 | GY7: 40.00595 | GZ7: 109.67784 | HA7: 30.640473 | HB7: 23.119064 | HC7: 34.889488 | HD7: 22.206923 | HE7: 46.40923 | HF7: 11.222316 | HG7: 81.103761 | HH7: 85.503615 | HI7: 27.804499 | HJ7: 62.821904 | HK7: 114.65819 | HL7: 35.47238 | HM7: 10.2038 | HN7: 24.213563 | HO7: 536.18587 | HP7: 24.213563 | HQ7: 292.43883 | HR7: 125.6633 | HS7: 316.49459 | HT7: 29.723602 | HU7: 176.85469 | HV7: 40.881537 | HW7: 189.34211 | HX7: 14.043284 | HY7: 167.48081 | HZ7: 70.946772 | IA7: 354.25073 | IB7: 12 | IC7: 162.10394 | ID7: 29.247219 | IE7: 91.153319 | IF7: 2.4 | IG7: 7.3859893 | IH7: 121.27479 | II7: 160.14342 | IJ7: 77.129677 | IK7: 183.52909 | IL7: 48.917476 | IM7: 42.522192 | IN7: 92.312738 | IO7: 32.27761 | IP7: 78.286629 | IQ7: 16.20755 | IR7: 165.87506 | IS7: 18.092307 | IT7: 120.30833 | IU7: 19.164859 | IV7: 128.90399 | IW7: 54.531784 | IX7: 13.26464 | IY7: 1.3 | IZ7: 4.6 | JA7: 78.791674 | JB7: 119.01376 | JC7: 38.211802 | JD7: 125.65869 | JE7: 42.235892 | JF7: 15.395279 | JG7: 21.096311 | JH7: 13.959835 | JI7: 20.642641 | JJ7: 10.411927 | JK7: 65.341955 | JL7: 10.979478 | JM7: 95.231488 | JN7: 14.445261 | JO7: 84.191836 | JP7: 37.128764 | JQ7: 15.568899 | JR7: 0.3 | JS7: 5.8 | JT7: 68.607989 | JU7: 13.956467 | JV7: 39.685777 | JW7: 133.07969 | JX7: 24.14138 | JY7: 36.094231 | JZ7: 44.113745 | KA7: 27.290956 | KB7: 92.453265 | KC7: 18.589107 | KD7: 84.281206 | KE7: 18.091313 | KF7: 100.26524 | KG7: 17.726902 | KH7: 110.55752 | KI7: 13.399604 | KJ7: 205.40835 | KK7: 2.6 | KL7: 46.2751 | KM7: 109.23659 | KN7: 71.9 | KO7: 84.155851 | KP7: 214.03551 | KQ7: 88 | KR7: 104.24272 | KS7: 106.4 | KT7: 41.6 | KU7: 187.8 | KV7: 62.9 | KW7: 140.5 | KX7: 36.8 | KY7: 184.4 | KZ7: 30.6 | LA7: 157.8 | LB7: 19.287571 | LC7: 307.92409 | LD7: 2.6399945 | LE7: 65.21911 | LF7: 99.518995 | LG7: 216.05476 | LH7: 80.366488 | LI7: 179.38171 | LJ7: 50.123152 | LK7: 76.912165 | LL7: 50.752348 | LM7: 25.517442 | LN7: 86.680575 | LO7: 19.574469 | LP7: 92.167768 | LQ7: 20.174232 | LR7: 53.678013 | LS7: 19.732062 | LT7: 80.011993 | LU7: 67.316617 | LV7: 49.97215 | LW7: 0.5 | LX7: 239.79329 | LY7: 67.783693 | LZ7: 90.058569 | MA7: 54.795303 | MB7: 148.12576 | MC7: 36.868121 | MD7: 37.654281 | ME7: 74.0361 | MF7: 19.253669 | MG7: 68.918527 | MH7: 16.559446 | MI7: 83.592303 | MJ7: 52.617354 | MK7: 52.617354 | ML7: 97.33802 | MM7: 45.062448 | MN7: 145.00643 | MO7: 4.4 | MP7: 160.7 | MQ7: 13.677023 | MR7: 67.370062 | MS7: 15.804334 | MT7: 90.223133 | MU7: 31.110805 | MV7: 69.562275 | MW7: 36.870894 | MX7: 350.70918 | MY7: 29.8 | MZ7: 132.8 | NA7: 65.645165 | NB7: 70.77706 | NC7: 45.7 | ND7: 205.7 | NE7: 1845.7113 | NF7: 327.267
A8: 36647 | B8: 1.9 | C8: 10.832066 | D8: 128.64873 | E8: 89.181734 | F8: 155.80104 | G8: 266.42082 | H8: 103.12746 | I8: 106.03188 | J8: 116.55086 | K8: 39.778594 | L8: 155.57943 | M8: 62.622835 | N8: 197.33144 | O8: 30.886165 | P8: 152.57229 | Q8: 22.563514 | R8: 171.66348 | S8: 40.520757 | T8: 281.03041 | U8: 1 | V8: 74 | W8: 19.8 | X8: 135.67558 | Y8: 103.6 | Z8: 248.2 | AA8: 65.3 | AB8: 46.3 | AC8: 132.75037 | AD8: 18.827415 | AE8: 215.9 | AF8: 51.7 | AG8: 148.2 | AH8: 102.8 | AI8: 286.2 | AJ8: 29.9 | AK8: 167.8 | AL8: 88.621403 | AM8: 8.8199672 | AO8: 11.338331 | AQ8: 634.74435 | AR8: 251.36049 | AS8: 456.25586 | AT8: 176.81019 | AU8: 116.51216 | AV8: 215.93937 | AW8: 40.909606 | AX8: 289.39814 | AY8: 61.398527 | AZ8: 262.97969 | BA8: 75.007792 | BB8: 43.201417 | BC8: 239.59263 | BD8: 83.924899 | BE8: 66.838236 | BF8: 166.1599 | BG8: 634.6652 | BH8: 166.1599 | BI8: 354.85076 | BJ8: 177.01377 | BK8: 317.47331 | BL8: 140.36394 | BM8: 122.6767 | BN8: 152.11023 | BO8: 48.070806 | BP8: 163.34507 | BQ8: 221.06639 | BR8: 208.07637 | BS8: 208.07637 | BT8: 15.766571 | BU8: 208.75323 | BV8: 104.17429 | BW8: 325.50213 | BX8: 94.81917 | BY8: 3.7 | BZ8: 15.407675 | CA8: 31.673301 | CB8: 68.375729 | CC8: 123.94544 | CD8: 49.320944 | CE8: 71.131892 | CF8: 70.770784 | CG8: 25.197967 | CH8: 94.182345 | CI8: 14.246801 | CJ8: 89.007994 | CK8: 13.840462 | CL8: 87.567409 | CM8: 18.932617 | CN8: 96.316179 | CO8: 22.340699 | CP8: 156.42334 | CQ8: 97.331959 | CR8: 417.15931 | CS8: 97.331959 | CT8: 386.16223 | CU8: 102.91524 | CV8: 243.37973 | CW8: 65.073641 | CX8: 37.339693 | CY8: 80.253163 | CZ8: 184.17659 | DA8: 49.205788 | DB8: 183.65106 | DC8: 26.280882 | DD8: 151.33721 | DE8: 9.4358669 | DF8: 9.4358669 | DG8: 62.005328 | DH8: 16.594882 | DI8: 173.07013 | DJ8: 20.89575 | DK8: 119.49446 | DL8: 249.21468 | DM8: 120.83125 | DN8: 173.07013 | DO8: 85.552974 | DP8: 47.085023 | DQ8: 149.28063 | DR8: 10.712121 | DS8: 162.3877 | DT8: 38.114137 | DU8: 185.26888 | DV8: 24.642959 | DW8: 159.04217 | DX8: -0.45081185 | DY8: 35.243212 | DZ8: 2.3 | EA8: 23.651719 | EB8: 207.95817 | EC8: 835.76994 | ED8: 294.4376 | EE8: 537.11466 | EF8: 200.28482 | EG8: 138.52001 | EH8: 219.73906 | EI8: 104.84143 | EJ8: 315.27372 | EK8: 127.84396 | EL8: 394.65578 | EM8: 104.95301 | EN8: 472.02867 | EO8: 87.363285 | EP8: 395.03979 | EQ8: 183.3 | ER8: 40.1 | ET8: 269.88216 | EV8: 135.64908 | EW8: 124.31924 | EX8: 297.70015 | EY8: 100.80905 | EZ8: 58.814482 | FD8: 140.55152 | FH8: 47.415012 | FI8: 22.634718 | FJ8: 79.391841 | FK8: 7.895159 | FL8: 18.1 | FM8: 83.5 | FN8: 187.16698 | FO8: 67.422024 | FP8: 49.154973 | FQ8: 101.71645 | FR8: 27.2448 | FS8: 107.63921 | FT8: 62.741376 | FU8: 100.6032 | FV8: 25.08035 | FW8: 162.679 | FX8: 24.63817 | FY8: 119.56599 | FZ8: 16.065359 | GA8: 26.377117 | GC8: 1623.8609 | GD8: 324.3 | GE8: 752.3 | GF8: 449.32677 | GG8: 838.58463 | GH8: 302.15498 | GI8: 187.28335 | GJ8: 628.21405 | GK8: 117.82839 | GL8: 643.85922 | GM8: 144.34731 | GN8: 508.8074 | GO8: 140.19789 | GP8: 1007.8962 | GQ8: 123 | GR8: 442.15969 | GS8: 158.52372 | GT8: 589.10576 | GU8: 0.5 | GV8: 180.69318 | GW8: 60.197714 | GX8: 14.830798 | GY8: 40.2699 | GZ8: 110.01169 | HA8: 30.663614 | HB8: 23.088127 | HC8: 34.745128 | HD8: 22.724503 | HE8: 46.560119 | HF8: 11.549549 | HG8: 81.982341 | HH8: 86.064764 | HI8: 28.157291 | HJ8: 63.081107 | HK8: 112.63054 | HL8: 35.277972 | HM8: 12.500019 | HN8: 24.294752 | HO8: 535.80402 | HP8: 24.294752 | HQ8: 291.43746 | HR8: 125.69907 | HS8: 316.1423 | HT8: 29.960612 | HU8: 176.4194 | HV8: 40.872212 | HW8: 189.11622 | HX8: 14.139232 | HY8: 166.40379 | HZ8: 71.558642 | IA8: 354.15788 | IB8: 12.3 | IC8: 160.58023 | ID8: 29.128962 | IE8: 91.160747 | IF8: 2.4 | IG8: 7.4009273 | IH8: 122.09724 | II8: 159.79363 | IJ8: 76.893269 | IK8: 184.62026 | IL8: 48.73863 | IM8: 42.846408 | IN8: 93.024684 | IO8: 32.323469 | IP8: 78.520169 | IQ8: 16.228208 | IR8: 169.25329 | IS8: 18.232815 | IT8: 120.86722 | IU8: 19.132578 | IV8: 128.98978 | IW8: 54.65769 | IX8: 13.466101 | IY8: 1.2 | IZ8: 4.6 | JA8: 79.685779 | JB8: 118.74523 | JC8: 38.413026 | JD8: 126.32417 | JE8: 42.36769 | JF8: 15.414379 | JG8: 21.162545 | JH8: 14.049829 | JI8: 20.843145 | JJ8: 10.323175 | JK8: 65.589809 | JL8: 11.110072 | JM8: 95.888928 | JN8: 14.835212 | JO8: 85.067519 | JP8: 37.30954 | JQ8: 15.544285 | JR8: 0.3 | JS8: 5.8 | JT8: 68.549241 | JU8: 13.888008 | JV8: 39.87941 | JW8: 133.6768 | JX8: 24.399861 | JY8: 36.788731 | JZ8: 44.08615 | KA8: 27.320925 | KB8: 93.320665 | KC8: 18.677502 | KD8: 84.321745 | KE8: 18.213667 | KF8: 100.55365 | KG8: 17.951789 | KH8: 110.80787 | KI8: 13.483235 | KJ8: 209.46628 | KK8: 2.6 | KL8: 46.138863 | KM8: 109.7686 | KN8: 71.1 | KO8: 84.374901 | KP8: 215.12116 | KQ8: 87.5 | KR8: 106.84474 | KS8: 106.9 | KT8: 41.5 | KU8: 189.5 | KV8: 60.9 | KW8: 140.9 | KX8: 36.9 | KY8: 184.6 | KZ8: 30.5 | LA8: 157.5 | LB8: 19.242686 | LC8: 313.25856 | LD8: 2.616841 | LE8: 64.737623 | LF8: 99.026596 | LG8: 214.90981 | LH8: 80.524681 | LI8: 180.22413 | LJ8: 49.691699 | LK8: 77.823356 | LL8: 50.504086 | LM8: 25.578703 | LN8: 87.362579 | LO8: 19.656 | LP8: 91.760237 | LQ8: 20.601522 | LR8: 53.833176 | LS8: 19.792705 | LT8: 80.259271 | LU8: 67.565723 | LV8: 50.059979 | LW8: 0.5 | LX8: 240.76118 | LY8: 67.846675 | LZ8: 90.2127 | MA8: 55.220954 | MB8: 148.26049 | MC8: 37.074119 | MD8: 37.76408 | ME8: 73.992303 | MF8: 19.383033 | MG8: 69.289183 | MH8: 16.419346 | MI8: 83.994287 | MJ8: 52.522011 | MK8: 52.522011 | ML8: 97.619162 | MM8: 45.193321 | MN8: 147.4279 | MO8: 4.4 | MP8: 160.2 | MQ8: 13.314384 | MR8: 67.739478 | MS8: 15.944224 | MT8: 89.757408 | MU8: 31.698032 | MV8: 69.632401 | MW8: 36.62254 | MX8: 351.25878 | MY8: 29.6 | MZ8: 132.6 | NA8: 65.617395 | NB8: 70.980372 | NC8: 45.7 | ND8: 205.4 | NE8: 1849.4443 | NF8: 331.21527
A9: 36678 | B9: 1.8 | C9: 10.852826 | D9: 129.53382 | E9: 88.852417 | F9: 156.06417 | G9: 266.76958 | H9: 103.20599 | I9: 107.13582 | J9: 116.76042 | K9: 40.185541 | L9: 157.43768 | M9: 62.322767 | N9: 198.19671 | O9: 31.049199 | P9: 153.12362 | Q9: 22.744251 | R9: 171.58032 | S9: 41.126104 | T9: 282.46541 | U9: 1 | V9: 74.3 | W9: 20.2 | X9: 136.38772 | Y9: 104.7 | Z9: 250.7 | AA9: 65.7 | AB9: 46.7 | AC9: 133.4235 | AD9: 19.074953 | AE9: 221.9 | AF9: 52 | AG9: 152 | AH9: 98.8 | AI9: 287.2 | AJ9: 33.1 | AK9: 173.2 | AL9: 88.756333 | AM9: 9.0224122 | AO9: 10.631821 | AQ9: 632.28855 | AR9: 251.43009 | AS9: 455.82969 | AT9: 176.9746 | AU9: 117.04362 | AV9: 216.02468 | AW9: 40.837283 | AX9: 290.93628 | AY9: 61.598131 | AZ9: 262.69378 | BA9: 76.014853 | BB9: 43.197465 | BC9: 238.88203 | BD9: 83.854583 | BE9: 67.185835 | BF9: 168.27675 | BG9: 639.08231 | BH9: 168.27675 | BI9: 354.41835 | BJ9: 177.9082 | BK9: 319.79259 | BL9: 141.12444 | BM9: 124.30145 | BN9: 152.39525 | BO9: 47.745135 | BP9: 166.72803 | BQ9: 224.11928 | BR9: 208.22259 | BS9: 208.22259 | BT9: 16.166623 | BU9: 209.31257 | BV9: 104.21073 | BW9: 323.04921 | BX9: 95.47845 | BY9: 3.7 | BZ9: 15.35872 | CA9: 31.826644 | CB9: 68.603455 | CC9: 124.17148 | CD9: 49.498328 | CE9: 71.898387 | CF9: 70.868237 | CG9: 25.200937 | CH9: 94.724431 | CI9: 14.202149 | CJ9: 89.124315 | CK9: 14.044367 | CL9: 88.639143 | CM9: 18.786879 | CN9: 96.567489 | CO9: 22.53376 | CP9: 154.88361 | CQ9: 97.434875 | CR9: 418.43989 | CS9: 97.434875 | CT9: 386.42761 | CU9: 103.39992 | CV9: 244.11111 | CW9: 65.342989 | CX9: 37.396675 | CY9: 80.836501 | CZ9: 184.83414 | DA9: 48.965812 | DB9: 183.25764 | DC9: 27.364756 | DD9: 150.84395 | DE9: 9.7732288 | DF9: 9.7732288 | DG9: 61.780065 | DH9: 16.683629 | DI9: 175.92642 | DJ9: 20.700026 | DK9: 119.75116 | DL9: 249.42053 | DM9: 121.57973 | DN9: 175.92642 | DO9: 85.988191 | DP9: 47.411548 | DQ9: 150.91975 | DR9: 10.881612 | DS9: 164.52558 | DT9: 38.255988 | DU9: 185.33401 | DV9: 24.520771 | DW9: 159.75968 | DX9: 1.3648193 | DY9: 31.048646 | DZ9: 2.3 | EA9: 23.781699 | EB9: 210.4562 | EC9: 837.62245 | ED9: 293.82907 | EE9: 539.46922 | EF9: 199.92479 | EG9: 138.6873 | EH9: 219.87197 | EI9: 105.29248 | EJ9: 317.38503 | EK9: 128.64765 | EL9: 395.79878 | EM9: 104.31697 | EN9: 474.60021 | EO9: 87.881025 | EP9: 395.94915 | EQ9: 184.5 | ER9: 40.4 | ET9: 270.51451 | EV9: 134.90335 | EW9: 125.21415 | EX9: 299.70718 | EY9: 100.28074 | EZ9: 60.33474 | FD9: 141.8863 | FH9: 47.357178 | FI9: 19.860539 | FJ9: 79.718857 | FK9: 7.9786523 | FL9: 19.1 | FM9: 85.2 | FN9: 187.6293 | FO9: 67.357719 | FP9: 49.965433 | FQ9: 102.1668 | FR9: 27.260572 | FS9: 108.55256 | FT9: 62.88046 | FU9: 102.46814 | FV9: 25.064852 | FW9: 163.0108 | FX9: 25.041386 | FY9: 119.62617 | FZ9: 15.979548 | GA9: 26.818019 | GC9: 1626.5364 | GD9: 325.1 | GE9: 751.2 | GF9: 450.39585 | GG9: 839.58755 | GH9: 303.06251 | GI9: 190.66397 | GJ9: 632.10686 | GK9: 118.30264 | GL9: 648.38057 | GM9: 145.05775 | GN9: 510.94377 | GO9: 137.92167 | GP9: 1010.815 | GQ9: 123.8 | GR9: 444.39624 | GS9: 159.23977 | GT9: 573.47767 | GU9: 0.5 | GV9: 181.738 | GW9: 60.479524 | GX9: 14.783531 | GY9: 40.687262 | GZ9: 110.65481 | HA9: 30.500475 | HB9: 23.231605 | HC9: 34.767812 | HD9: 22.886703 | HE9: 47.127067 | HF9: 11.590659 | HG9: 83.09602 | HH9: 86.030845 | HI9: 28.079543 | HJ9: 63.762607 | HK9: 112.58958 | HL9: 35.176123 | HM9: 10.453312 | HN9: 24.415173 | HO9: 535.48918 | HP9: 24.415173 | HQ9: 291.64134 | HR9: 126.18181 | HS9: 316.00313 | HT9: 29.748491 | HU9: 176.51463 | HV9: 40.865574 | HW9: 189.62642 | HX9: 13.965992 | HY9: 166.99267 | HZ9: 71.538653 | IA9: 354.77751 | IB9: 13.2 | IC9: 161.63152 | ID9: 29.041664 | IE9: 91.464447 | IF9: 2.4 | IG9: 7.3736272 | IH9: 121.89822 | II9: 161.29932 | IJ9: 77.675952 | IK9: 185.80057 | IL9: 48.93316 | IM9: 42.777965 | IN9: 94.463721 | IO9: 32.36827 | IP9: 79.289286 | IQ9: 16.45909 | IR9: 167.38188 | IS9: 18.270946 | IT9: 121.02553 | IU9: 19.369463 | IV9: 129.65733 | IW9: 54.524965 | IX9: 13.42919 | IY9: 1.2 | IZ9: 4.6 | JA9: 80.450307 | JB9: 120.02672 | JC9: 38.665962 | JD9: 126.58142 | JE9: 42.073579 | JF9: 15.475672 | JG9: 21.212815 | JH9: 14.20338 | JI9: 21.090613 | JJ9: 10.310363 | JK9: 66.623344 | JL9: 10.217431 | JM9: 96.428416 | JN9: 15.233974 | JO9: 85.441967 | JP9: 37.315787 | JQ9: 15.622881 | JR9: 0.3 | JS9: 5.8 | JT9: 69.358959 | JU9: 13.859485 | JV9: 40.287957 | JW9: 134.13534 | JX9: 24.480597 | JY9: 37.315159 | JZ9: 44.20498 | KA9: 27.283073 | KB9: 94.6169 | KC9: 18.852019 | KD9: 84.600089 | KE9: 18.061541 | KF9: 100.73326 | KG9: 18.019048 | KH9: 111.35798 | KI9: 13.408386 | KJ9: 205.8858 | KK9: 2.6 | KL9: 45.923346 | KM9: 110.81567 | KN9: 69.9 | KO9: 84.566228 | KP9: 215.41681 | KQ9: 87.5 | KR9: 108.97028 | KS9: 107.8 | KT9: 41.5 | KU9: 192.1 | KV9: 61.3 | KW9: 141 | KX9: 37.2 | KY9: 184.5 | KZ9: 30.7 | LA9: 158.1 | LB9: 19.597045 | LC9: 313.76739 | LD9: 2.6820274 | LE9: 64.844587 | LF9: 99.25791 | LG9: 214.15447 | LH9: 81.003341 | LI9: 179.79307 | LJ9: 49.751655 | LK9: 79.599392 | LL9: 50.11511 | LM9: 25.963889 | LN9: 88.550054 | LO9: 19.708329 | LP9: 92.928345 | LQ9: 21.016789 | LR9: 53.724538 | LS9: 20.259523 | LT9: 80.365428 | LU9: 67.739241 | LV9: 50.225098 | LW9: 0.5 | LX9: 242.26105 | LY9: 69.341581 | LZ9: 90.471135 | MA9: 56.058161 | MB9: 148.74733 | MC9: 37.329 | MD9: 38.649017 | ME9: 73.895436 | MF9: 19.434769 | MG9: 70.414692 | MH9: 16.528135 | MI9: 79.989215 | MJ9: 51.955331 | MK9: 51.955331 | ML9: 98.152089 | MM9: 45.230774 | MN9: 140.79279 | MO9: 4.3 | MP9: 160.2 | MQ9: 13.252853 | MR9: 68.001404 | MS9: 16.075114 | MT9: 90.012658 | MU9: 32.617938 | MV9: 70.15034 | MW9: 36.60562 | MX9: 357.34144 | MY9: 29.6 | MZ9: 133.4 | NA9: 67.17784 | NB9: 71.244464 | NC9: 46.4 | ND9: 205.8 | NE9: 1861.8099 | NF9: 328.60124
A10: 36708 | B10: 1.9 | C10: 10.858229 | D10: 130.17257 | E10: 88.67518 | F10: 156.42537 | G10: 264.42046 | H10: 102.06295 | I10: 107.47423 | J10: 116.04125 | K10: 39.612914 | L10: 158.05426 | M10: 61.772008 | N10: 199.1695 | O10: 30.809785 | P10: 151.50636 | Q10: 23.970611 | R10: 175.95512 | S10: 41.378993 | T10: 282.88108 | U10: 0.9 | V10: 74.6 | W10: 20.2 | X10: 136.90595 | Y10: 103.9 | Z10: 248.8 | AA10: 66 | AB10: 47 | AC10: 133.45579 | AD10: 18.898187 | AE10: 224.4 | AF10: 51.9 | AG10: 150.5 | AH10: 97.8 | AI10: 284.7 | AJ10: 35.2 | AK10: 173.6 | AL10: 90.373107 | AM10: 9.1255131 | AO10: 11.542896 | AQ10: 630.00898 | AR10: 251.63847 | AS10: 457.55981 | AT10: 177.00113 | AU10: 117.03347 | AV10: 215.3207 | AW10: 40.892964 | AX10: 291.88187 | AY10: 61.43584 | AZ10: 262.98402 | BA10: 75.290308 | BB10: 43.020589 | BC10: 239.23369 | BD10: 83.327613 | BE10: 59.99451 | BF10: 169.42007 | BG10: 639.63822 | BH10: 169.42007 | BI10: 352.28821 | BJ10: 176.84847 | BK10: 321.01764 | BL10: 141.46564 | BM10: 125.53107 | BN10: 151.36047 | BO10: 48.789497 | BP10: 166.97441 | BQ10: 223.35837 | BR10: 208.14656 | BS10: 208.14656 | BT10: 16.3234 | BU10: 211.70845 | BV10: 104.61216 | BW10: 323.77317 | BX10: 95.795623 | BY10: 3.7 | BZ10: 15.328447 | CA10: 32.011272 | CB10: 68.006749 | CC10: 124.41748 | CD10: 50.310262 | CE10: 72.923667 | CF10: 70.988196 | CG10: 25.355769 | CH10: 95.045128 | CI10: 14.072943 | CJ10: 89.016368 | CK10: 14.219666 | CL10: 88.763954 | CM10: 19.098526 | CN10: 97.45823 | CO10: 22.450014 | CP10: 155.34946 | CQ10: 97.342466 | CR10: 415.12946 | CS10: 97.342466 | CT10: 381.60467 | CU10: 102.66922 | CV10: 243.04896 | CW10: 63.615266 | CX10: 37.55655 | CY10: 81.913404 | CZ10: 184.26925 | DA10: 49.145509 | DB10: 185.13665 | DC10: 27.504975 | DD10: 150.26486 | DE10: 9.9557955 | DF10: 9.9557955 | DG10: 62.731315 | DH10: 16.662978 | DI10: 174.33419 | DJ10: 20.473083 | DK10: 119.58341 | DL10: 249.43662 | DM10: 121.16255 | DN10: 174.33419 | DO10: 86.813708 | DP10: 47.487104 | DQ10: 151.5475 | DR10: 11.057312 | DS10: 164.91349 | DT10: 39.490802 | DU10: 185.14718 | DV10: 24.105595 | DW10: 159.10819 | DX10: 3.849051 | DY10: 30.583927 | DZ10: 2.3 | EA10: 23.688081 | EB10: 206.46147 | EC10: 840.40803 | ED10: 295.83558 | EE10: 540.66379 | EF10: 200.05844 | EG10: 140.43134 | EH10: 218.21695 | EI10: 105.1906 | EJ10: 318.24445 | EK10: 128.84423 | EL10: 398.83292 | EM10: 104.33648 | EN10: 475.56634 | EO10: 87.711904 | EP10: 399.22534 | EQ10: 184.7 | ER10: 40.6 | ET10: 269.6071 | EV10: 134.06069 | EW10: 125.65826 | EX10: 297.24413 | EY10: 99.988795 | EZ10: 62.12836 | FD10: 142.5379 | FH10: 47.483814 | FI10: 19.484205 | FJ10: 79.37769 | FK10: 7.9973435 | FL10: 19.5 | FM10: 84.1 | FN10: 189.32436 | FO10: 68.089566 | FP10: 50.335505 | FQ10: 102.31794 | FR10: 27.000923 | FS10: 107.89542 | FT10: 62.705219 | FU10: 101.57259 | FV10: 25.105868 | FW10: 163.36805 | FX10: 25.087268 | FY10: 120.92666 | FZ10: 16.32318 | GA10: 24.357197 | GC10: 1625.2845 | GD10: 327.4 | GE10: 749.2 | GF10: 448.77979 | GG10: 839.19881 | GH10: 304.29288 | GI10: 190.38439 | GJ10: 628.40909 | GK10: 118.08277 | GL10: 651.48914 | GM10: 144.00061 | GN10: 508.67672 | GO10: 133.24417 | GP10: 1011.1735 | GQ10: 122.2 | GR10: 445.91314 | GS10: 161.02016 | GT10: 574.95567 | GU10: 0.5 | GV10: 180.53026 | GW10: 60.06724 | GX10: 14.915775 | GY10: 40.95432 | GZ10: 109.31185 | HA10: 30.630919 | HB10: 23.323854 | HC10: 34.374394 | HD10: 22.811033 | HE10: 47.496236 | HF10: 11.759422 | HG10: 82.149181 | HH10: 85.771546 | HI10: 27.665412 | HJ10: 63.490245 | HK10: 112.85503 | HL10: 34.864603 | HM10: 10.568515 | HN10: 23.494116 | HO10: 535.21486 | HP10: 23.494116 | HQ10: 292.48675 | HR10: 125.93812 | HS10: 315.58569 | HT10: 29.986705 | HU10: 175.88447 | HV10: 41.109935 | HW10: 190.29754 | HX10: 13.932619 | HY10: 166.85492 | HZ10: 71.669317 | IA10: 354.67427 | IB10: 13.2 | IC10: 163.00689 | ID10: 29.167206 | IE10: 92.029751 | IF10: 2.4 | IG10: 7.4084085 | IH10: 121.48789 | II10: 161.0409 | IJ10: 78.025666 | IK10: 185.19085 | IL10: 49.182888 | IM10: 42.685414 | IN10: 93.338163 | IO10: 32.334793 | IP10: 79.970472 | IQ10: 16.629622 | IR10: 168.0855 | IS10: 18.294282 | IT10: 121.24522 | IU10: 19.243151 | IV10: 129.9069 | IW10: 54.384492 | IX10: 13.364484 | IY10: 1.3 | IZ10: 4.6 | JA10: 80.113599 | JB10: 120.38345 | JC10: 38.774444 | JD10: 127.24553 | JE10: 41.58678 | JF10: 15.515981 | JG10: 21.392666 | JH10: 14.154031 | JI10: 21.196708 | JJ10: 10.094604 | JK10: 63.884329 | JL10: 11.425563 | JM10: 95.646769 | JN10: 14.14034 | JO10: 86.449374 | JP10: 37.742106 | JQ10: 15.649861 | JR10: 0.3 | JS10: 5.6 | JT10: 69.489903 | JU10: 12.599869 | JV10: 39.897094 | JW10: 134.06058 | JX10: 24.398878 | JY10: 36.116016 | JZ10: 44.021058 | KA10: 27.257149 | KB10: 96.279783 | KC10: 18.571017 | KD10: 85.459223 | KE10: 18.405597 | KF10: 101.2218 | KG10: 17.043247 | KH10: 112.04941 | KI10: 13.394832 | KJ10: 204.80428 | KK10: 2.6 | KL10: 46.162939 | KM10: 111.8093 | KN10: 69 | KO10: 85.957537 | KP10: 215.47019 | KQ10: 88.8 | KR10: 109.23137 | KS10: 107.5 | KT10: 41.8 | KU10: 194.2 | KV10: 63.1 | KW10: 140.7 | KX10: 37.9 | KY10: 184 | KZ10: 31 | LA10: 160.5 | LB10: 20.182983 | LC10: 308.58995 | LD10: 2.4965659 | LE10: 64.566613 | LF10: 98.545214 | LG10: 212.77953 | LH10: 80.717848 | LI10: 178.25957 | LJ10: 49.671368 | LK10: 80.743138 | LL10: 49.931159 | LM10: 25.336978 | LN10: 88.886981 | LO10: 19.911849 | LP10: 93.615199 | LQ10: 22.289654 | LR10: 54.304633 | LS10: 19.246805 | LT10: 78.86225 | LU10: 66.478904 | LV10: 50.455409 | LW10: 0.5 | LX10: 241.13628 | LY10: 68.257724 | LZ10: 90.44874 | MA10: 55.335159 | MB10: 147.65851 | MC10: 37.67365 | MD10: 38.927213 | ME10: 73.959143 | MF10: 19.527829 | MG10: 71.294335 | MH10: 16.451548 | MI10: 77.357977 | MJ10: 52.255862 | MK10: 52.255862 | ML10: 98.218571 | MM10: 45.166853 | MN10: 143.50008 | MO10: 4.5 | MP10: 160 | MQ10: 13.043144 | MR10: 67.808138 | MS10: 15.585023 | MT10: 90.232531 | MU10: 32.831485 | MV10: 70.16847 | MW10: 36.686198 | MX10: 355.25976 | MY10: 29.7 | MZ10: 133.9 | NA10: 67.849875 | NB10: 71.926987 | NC10: 45.4 | ND10: 204.2 | NE10: 1867.6652 | NF10: 327.81127
A11: 36739 | B11: 2 | C11: 10.792179 | D11: 130.19 | E11: 88.461125 | F11: 156.95289 | G11: 265.20325 | H11: 102.68528 | I11: 107.73416 | J11: 115.84444 | K11: 39.609622 | L11: 159.34586 | M11: 61.391935 | N11: 198.56571 | O11: 31.052835 | P11: 151.5612 | Q11: 23.908257 | R11: 175.08574 | S11: 41.766396 | T11: 282.54437 | U11: 1 | V11: 74.8 | W11: 20.3 | X11: 137.01048 | Y11: 103.7 | Z11: 248.3 | AA11: 66.3 | AB11: 47.3 | AC11: 133.7511 | AD11: 19.236528 | AE11: 225.8 | AF11: 51.9 | AG11: 152.1 | AH11: 97.3 | AI11: 284.3 | AJ11: 35.3 | AK11: 172.7 | AL11: 89.608738 | AM11: 9.0522398 | AO11: 12.069593 | AQ11: 629.70388 | AR11: 252.3147 | AS11: 459.26824 | AT11: 177.67332 | AU11: 117.22781 | AV11: 215.56777 | AW11: 40.903131 | AX11: 292.77787 | AY11: 61.167166 | AZ11: 262.81446 | BA11: 75.285838 | BB11: 43.192914 | BC11: 239.74044 | BD11: 83.713341 | BE11: 63.551889 | BF11: 169.84148 | BG11: 642.26546 | BH11: 169.84148 | BI11: 351.27759 | BJ11: 177.02393 | BK11: 323.15162 | BL11: 142.0278 | BM11: 126.25397 | BN11: 151.17812 | BO11: 47.97413 | BP11: 167.89137 | BQ11: 223.65093 | BR11: 207.5632 | BS11: 207.5632 | BT11: 16.17006 | BU11: 212.64581 | BV11: 104.78047 | BW11: 322.75368 | BX11: 96.462414 | BY11: 3.7 | BZ11: 15.69281 | CA11: 31.977999 | CB11: 67.601144 | CC11: 125.60208 | CD11: 50.037822 | CE11: 73.09184 | CF11: 71.047362 | CG11: 25.368349 | CH11: 95.611131 | CI11: 14.04913 | CJ11: 88.800165 | CK11: 14.519827 | CL11: 89.017249 | CM11: 18.991048 | CN11: 97.598001 | CO11: 22.518744 | CP11: 156.22611 | CQ11: 96.973499 | CR11: 416.66521 | CS11: 96.973499 | CT11: 383.0548 | CU11: 102.63975 | CV11: 243.54874 | CW11: 64.212287 | CX11: 37.756337 | CY11: 81.07362 | CZ11: 184.29386 | DA11: 49.240891 | DB11: 186.32785 | DC11: 27.354352 | DD11: 150.62546 | DE11: 9.4136843 | DF11: 9.4136843 | DG11: 62.925551 | DH11: 16.670311 | DI11: 174.94175 | DJ11: 20.459877 | DK11: 119.43407 | DL11: 250.24435 | DM11: 121.70207 | DN11: 174.94175 | DO11: 86.702842 | DP11: 47.432827 | DQ11: 152.49228 | DR11: 11.106929 | DS11: 166.17363 | DT11: 38.282649 | DU11: 185.40361 | DV11: 24.232133 | DW11: 159.68912 | DX11: -3.1609528 | DY11: 27.896373 | DZ11: 2.4 | EA11: 23.499893 | EB11: 208.23699 | EC11: 836.32125 | ED11: 296.41392 | EE11: 541.82078 | EF11: 200.31114 | EG11: 141.21768 | EH11: 219.70763 | EI11: 105.12568 | EJ11: 320.04874 | EK11: 129.43422 | EL11: 398.53857 | EM11: 104.64701 | EN11: 477.09754 | EO11: 88.127425 | EP11: 401.21287 | EQ11: 185.1 | ER11: 40.8 | ET11: 269.76054 | EV11: 133.32101 | EW11: 126.03576 | EX11: 298.59184 | EY11: 99.649464 | EZ11: 62.689811 | FD11: 145.06385 | FH11: 47.39327 | FI11: 19.638072 | FJ11: 79.700551 | FK11: 8.1143403 | FL11: 19.7 | FM11: 84.1 | FN11: 189.75474 | FO11: 67.983623 | FP11: 50.537485 | FQ11: 102.83113 | FR11: 26.853518 | FS11: 108.06691 | FT11: 63.060967 | FU11: 101.22052 | FV11: 25.367506 | FW11: 163.67696 | FX11: 25.214469 | FY11: 120.47823 | FZ11: 16.309192 | GA11: 25.103653 | GC11: 1627.513 | GD11: 328.9 | GE11: 747.8 | GF11: 448.92032 | GG11: 840.88142 | GH11: 304.97726 | GI11: 178.66516 | GJ11: 628.31423 | GK11: 118.39103 | GL11: 654.46028 | GM11: 144.7706 | GN11: 511.09588 | GO11: 134.78018 | GP11: 1014.1005 | GQ11: 124.1 | GR11: 446.07711 | GS11: 161.4802 | GT11: 564.53301 | GU11: 0.4 | GV11: 181.26482 | GW11: 59.984437 | GX11: 14.944888 | GY11: 41.238806 | GZ11: 109.73133 | HA11: 30.625401 | HB11: 23.348161 | HC11: 34.370911 | HD11: 22.944286 | HE11: 47.783673 | HF11: 11.896501 | HG11: 82.81497 | HH11: 85.815068 | HI11: 27.603963 | HJ11: 62.836437 | HK11: 112.60764 | HL11: 34.781093 | HM11: 10.029461 | HN11: 23.422965 | HO11: 536.59141 | HP11: 23.422965 | HQ11: 292.60763 | HR11: 126.3487 | HS11: 316.65525 | HT11: 29.936991 | HU11: 175.64238 | HV11: 41.183809 | HW11: 190.78522 | HX11: 14.010494 | HY11: 166.07888 | HZ11: 71.718095 | IA11: 355.5181 | IB11: 13.2 | IC11: 163.16932 | ID11: 29.01389 | IE11: 93.78794 | IF11: 2.4 | IG11: 7.4304149 | IH11: 121.86697 | II11: 161.6484 | IJ11: 78.280167 | IK11: 186.16003 | IL11: 49.438154 | IM11: 42.477958 | IN11: 93.511774 | IO11: 32.630806 | IP11: 80.886408 | IQ11: 16.576091 | IR11: 169.21878 | IS11: 18.37735 | IT11: 121.81521 | IU11: 19.294034 | IV11: 131.33634 | IW11: 54.570521 | IX11: 13.393399 | IY11: 1.3 | IZ11: 4.6 | JA11: 80.212141 | JB11: 120.80414 | JC11: 38.724463 | JD11: 127.75692 | JE11: 41.221848 | JF11: 15.659627 | JG11: 21.46459 | JH11: 14.265001 | JI11: 21.345964 | JJ11: 10.345154 | JK11: 64.481399 | JL11: 11.825857 | JM11: 96.145771 | JN11: 14.075462 | JO11: 86.910982 | JP11: 38.126944 | JQ11: 15.691726 | JR11: 0.3 | JS11: 5.8 | JT11: 69.932488 | JU11: 12.582639 | JV11: 39.847094 | JW11: 134.1674 | JX11: 24.164208 | JY11: 36.287109 | JZ11: 43.993959 | KA11: 27.284984 | KB11: 97.082172 | KC11: 18.416133 | KD11: 85.777823 | KE11: 18.441619 | KF11: 101.40506 | KG11: 17.250512 | KH11: 112.34991 | KI11: 13.538847 | KJ11: 204.15286 | KK11: 2.5 | KL11: 45.989497 | KM11: 112.1724 | KN11: 68.8 | KO11: 85.826929 | KP11: 215.46512 | KQ11: 88.2 | KR11: 110.26672 | KS11: 108 | KT11: 41.6 | KU11: 196.6 | KV11: 63.3 | KW11: 141.1 | KX11: 38.2 | KY11: 184.3 | KZ11: 31.4 | LA11: 159.5 | LB11: 20.43764 | LC11: 311.25528 | LD11: 2.5913032 | LE11: 64.957046 | LF11: 98.474704 | LG11: 211.54877 | LH11: 80.958051 | LI11: 179.23966 | LJ11: 49.861621 | LK11: 81.428071 | LL11: 49.815494 | LM11: 25.484912 | LN11: 89.682395 | LO11: 19.907837 | LP11: 94.549191 | LQ11: 22.673484 | LR11: 54.570247 | LS11: 19.206193 | LT11: 78.909962 | LU11: 66.571955 | LV11: 50.683234 | LW11: 0.5 | LX11: 242.5991 | LY11: 68.431417 | LZ11: 90.322485 | MA11: 55.516799 | MB11: 148.99768 | MC11: 37.67595 | MD11: 39.292497 | ME11: 74.07964 | MF11: 19.490013 | MG11: 71.74801 | MH11: 16.334524 | MI11: 78.705748 | MJ11: 52.28608 | MK11: 52.28608 | ML11: 98.049796 | MM11: 45.234776 | MN11: 145.9985 | MO11: 4.5 | MP11: 160.3 | MQ11: 13.585961 | MR11: 67.917491 | MS11: 15.833507 | MT11: 90.478649 | MU11: 32.931104 | MV11: 70.268138 | MW11: 36.739631 | MX11: 357.01238 | MY11: 29.8 | MZ11: 135.6 | NA11: 69.181424 | NB11: 72.13615 | NC11: 45.6 | ND11: 205.1 | NE11: 1875.8912 | NF11: 326.30322
A12: 36770 | B12: 1.9 | C12: 10.781207 | D12: 130.9326 | E12: 88.073209 | F12: 156.7252 | G12: 264.46885 | H12: 103.27139 | I12: 108.26478 | J12: 115.01338 | K12: 39.846669 | L12: 159.79581 | M12: 61.33481 | N12: 199.77172 | O12: 31.309754 | P12: 152.74327 | Q12: 24.079456 | R12: 175.61585 | S12: 41.581606 | T12: 282.94621 | U12: 1 | V12: 74.5 | W12: 20.6 | X12: 138.01019 | Y12: 103.7 | Z12: 248.7 | AA12: 66 | AB12: 47.3 | AC12: 134.35177 | AD12: 19.179096 | AE12: 225.7 | AF12: 51.6 | AG12: 151.1 | AH12: 102 | AI12: 285.2 | AJ12: 31.7 | AK12: 170.6 | AL12: 89.7819 | AM12: 8.8782004 | AO12: 11.50063 | AQ12: 628.18499 | AR12: 252.09693 | AS12: 459.33898 | AT12: 177.48996 | AU12: 117.55652 | AV12: 216.12348 | AW12: 40.690908 | AX12: 294.08343 | AY12: 61.08646 | AZ12: 261.94481 | BA12: 76.572887 | BB12: 43.05252 | BC12: 241.29282 | BD12: 84.955247 | BE12: 55.505857 | BF12: 170.4147 | BG12: 644.18019 | BH12: 170.4147 | BI12: 351.10426 | BJ12: 177.69712 | BK12: 323.29064 | BL12: 142.89608 | BM12: 127.19672 | BN12: 151.73478 | BO12: 47.755044 | BP12: 169.40803 | BQ12: 225.52165 | BR12: 208.96222 | BS12: 208.96222 | BT12: 16.237144 | BU12: 212.99216 | BV12: 105.14588 | BW12: 322.30856 | BX12: 97.193411 | BY12: 3.7 | BZ12: 15.925219 | CA12: 31.881004 | CB12: 67.695909 | CC12: 125.43474 | CD12: 50.472445 | CE12: 73.221211 | CF12: 71.323014 | CG12: 25.412754 | CH12: 96.283967 | CI12: 14.107254 | CJ12: 89.722357 | CK12: 14.288379 | CL12: 89.689271 | CM12: 19.125173 | CN12: 97.430467 | CO12: 22.670079 | CP12: 156.27481 | CQ12: 96.934519 | CR12: 415.00263 | CS12: 96.934519 | CT12: 377.28202 | CU12: 102.66788 | CV12: 242.24605 | CW12: 63.596631 | CX12: 37.860761 | CY12: 81.428613 | CZ12: 183.95929 | DA12: 48.915831 | DB12: 185.85456 | DC12: 26.695737 | DD12: 150.80793 | DE12: 9.7140142 | DF12: 9.7140142 | DG12: 63.27408 | DH12: 16.769618 | DI12: 175.64936 | DJ12: 20.741486 | DK12: 119.53644 | DL12: 248.81368 | DM12: 121.93354 | DN12: 175.64936 | DO12: 86.983865 | DP12: 47.912986 | DQ12: 153.57191 | DR12: 11.147024 | DS12: 167.17481 | DT12: 38.406499 | DU12: 185.89639 | DV12: 24.138394 | DW12: 160.06742 | DX12: 2.6724077 | DY12: 27.623401 | DZ12: 2.5 | EA12: 23.539863 | EB12: 210.07543 | EC12: 836.05255 | ED12: 296.11147 | EE12: 542.80598 | EF12: 200.54303 | EG12: 141.59264 | EH12: 219.94728 | EI12: 105.12213 | EJ12: 321.40264 | EK12: 128.9686 | EL12: 399.77227 | EM12: 104.41005 | EN12: 478.97699 | EO12: 89.236071 | EP12: 402.98986 | EQ12: 185.3 | ER12: 40.9 | ET12: 270.01083 | EV12: 132.78434 | EW12: 126.84843 | EX12: 296.91208 | EY12: 99.504115 | EZ12: 63.340061 | FD12: 147.02382 | FH12: 47.602083 | FI12: 18.548593 | FJ12: 79.842347 | FK12: 8.0676447 | FL12: 19.2 | FM12: 83.3 | FN12: 190.54005 | FO12: 67.717674 | FP12: 50.634059 | FQ12: 102.98824 | FR12: 27.011141 | FS12: 107.96371 | FT12: 63.064825 | FU12: 101.05289 | FV12: 25.781318 | FW12: 164.54431 | FX12: 25.28381 | FY12: 121.92597 | FZ12: 16.350053 | GA12: 22.066396 | GC12: 1628.2842 | GD12: 332.1 | GE12: 745.9 | GF12: 449.84831 | GG12: 842.26581 | GH12: 305.46585 | GI12: 193.24558 | GJ12: 629.99842 | GK12: 118.28945 | GL12: 659.02702 | GM12: 144.57371 | GN12: 510.87511 | GO12: 144.16648 | GP12: 1015.2748 | GQ12: 124.2 | GR12: 447.71092 | GS12: 161.38263 | GT12: 572.90894 | GU12: 0.5 | GV12: 181.08129 | GW12: 60.512979 | GX12: 14.816425 | GY12: 41.348726 | GZ12: 109.28898 | HA12: 30.801219 | HB12: 23.767162 | HC12: 34.304829 | HD12: 23.19799 | HE12: 48.466615 | HF12: 12.190539 | HG12: 84.929671 | HH12: 86.272991 | HI12: 27.731137 | HJ12: 62.91207 | HK12: 112.40002 | HL12: 34.798886 | HM12: 9.7376345 | HN12: 23.901944 | HO12: 537.75671 | HP12: 23.901944 | HQ12: 292.29364 | HR12: 126.33365 | HS12: 316.92774 | HT12: 30.050011 | HU12: 175.5793 | HV12: 41.347799 | HW12: 191.78219 | HX12: 13.978255 | HY12: 166.78023 | HZ12: 70.949385 | IA12: 356.56935 | IB12: 12.4 | IC12: 163.59815 | ID12: 29.055421 | IE12: 92.211115 | IF12: 2.4 | IG12: 7.4359617 | IH12: 122.63849 | II12: 161.89222 | IJ12: 78.670822 | IK12: 186.80764 | IL12: 49.774696 | IM12: 42.440341 | IN12: 94.092366 | IO12: 32.993742 | IP12: 81.401548 | IQ12: 16.644014 | IR12: 169.48521 | IS12: 18.25963 | IT12: 122.28976 | IU12: 19.291125 | IV12: 133.01623 | IW12: 54.653081 | IX12: 14.27589 | IY12: 1.2 | IZ12: 4.7 | JA12: 81.739462 | JB12: 120.76785 | JC12: 39.361368 | JD12: 127.97699 | JE12: 41.560385 | JF12: 15.843372 | JG12: 21.631861 | JH12: 14.307461 | JI12: 21.388166 | JJ12: 10.291549 | JK12: 65.185007 | JL12: 11.419498 | JM12: 96.386691 | JN12: 14.307875 | JO12: 87.371777 | JP12: 38.32039 | JQ12: 15.794929 | JR12: 0.3 | JS12: 5.8 | JT12: 70.818476 | JU12: 12.725854 | JV12: 40.152671 | JW12: 134.47683 | JX12: 24.149444 | JY12: 36.625178 | JZ12: 44.19758 | KA12: 27.312502 | KB12: 98.091633 | KC12: 18.664317 | KD12: 86.309211 | KE12: 18.269201 | KF12: 101.5827 | KG12: 17.850294 | KH12: 113.20577 | KI12: 13.700738 | KJ12: 207.00898 | KK12: 2.5 | KL12: 46.158923 | KM12: 113.55466 | KN12: 68.7 | KO12: 86.058057 | KP12: 215.60363 | KQ12: 88.5 | KR12: 111.02756 | KS12: 108.7 | KT12: 41.8 | KU12: 198.8 | KV12: 63 | KW12: 142.4 | KX12: 38.1 | KY12: 184.5 | KZ12: 31.8 | LA12: 160.7 | LB12: 20.310511 | LC12: 306.32123 | LD12: 2.6113346 | LE12: 64.638616 | LF12: 99.122759 | LG12: 211.21728 | LH12: 80.90947 | LI12: 179.58881 | LJ12: 49.447976 | LK12: 83.136259 | LL12: 49.866697 | LM12: 25.512008 | LN12: 90.450881 | LO12: 20.361812 | LP12: 95.356127 | LQ12: 21.561176 | LR12: 54.889534 | LS12: 19.357414 | LT12: 80.431717 | LU12: 68.122353 | LV12: 50.65384 | LW12: 0.5 | LX12: 242.78647 | LY12: 68.92052 | LZ12: 90.383791 | MA12: 55.958628 | MB12: 148.67437 | MC12: 37.848443 | MD12: 39.599302 | ME12: 74.408058 | MF12: 19.805068 | MG12: 72.573092 | MH12: 16.530589 | MI12: 79.270248 | MJ12: 52.360173 | MK12: 52.360173 | ML12: 98.127991 | MM12: 45.287668 | MN12: 144.69787 | MO12: 4.5 | MP12: 161.4 | MQ12: 12.739243 | MR12: 68.13203 | MS12: 15.925806 | MT12: 89.636505 | MU12: 33.355106 | MV12: 70.184335 | MW12: 37.046899 | MX12: 360.46158 | MY12: 30.1 | MZ12: 135.7 | NA12: 64.964563 | NB12: 72.442215 | NC12: 45.5 | ND12: 206.6 | NE12: 1880.6031 | NF12: 324.41086
A13: 36800 | B13: 2.1 | C13: 10.795333 | D13: 130.78298 | E13: 88.158043 | F13: 157.25544 | G13: 266.37808 | H13: 104.05655 | I13: 109.33566 | J13: 115.8929 | K13: 39.402372 | L13: 159.54415 | M13: 61.079113 | N13: 198.87965 | O13: 31.746398 | P13: 154.81378 | Q13: 24.193577 | R13: 175.45603 | S13: 42.444493 | T13: 283.33888 | U13: 0.9 | V13: 74.8 | W13: 20.7 | X13: 137.88646 | Y13: 104.1 | Z13: 254 | AA13: 66.4 | AB13: 47.2 | AC13: 135.23445 | AD13: 19.12313 | AE13: 227.5 | AF13: 52.3 | AG13: 150.8 | AH13: 107.2 | AI13: 285.7 | AJ13: 30.1 | AK13: 169.8 | AL13: 90.552184 | AM13: 9.0095084 | AO13: 11.654375 | AQ13: 627.43338 | AR13: 252.95298 | AS13: 459.01933 | AT13: 177.9489 | AU13: 118.08833 | AV13: 216.00815 | AW13: 41.285254 | AX13: 295.56468 | AY13: 60.486209 | AZ13: 259.50934 | BA13: 74.864241 | BB13: 43.721751 | BC13: 241.07629 | BD13: 84.342686 | BE13: 55.321113 | BF13: 170.20189 | BG13: 646.76164 | BH13: 170.20189 | BI13: 352.19362 | BJ13: 178.35597 | BK13: 324.78976 | BL13: 143.34671 | BM13: 127.42699 | BN13: 151.33536 | BO13: 48.048712 | BP13: 169.97762 | BQ13: 222.94632 | BR13: 208.72741 | BS13: 208.72741 | BT13: 16.779802 | BU13: 213.5864 | BV13: 105.5453 | BW13: 321.9655 | BX13: 97.652286 | BY13: 3.6 | BZ13: 16.000534 | CA13: 31.826276 | CB13: 68.358414 | CC13: 125.43349 | CD13: 50.750852 | CE13: 73.333301 | CF13: 70.887617 | CG13: 25.666157 | CH13: 96.650044 | CI13: 14.118713 | CJ13: 89.743448 | CK13: 14.121265 | CL13: 89.289882 | CM13: 19.288695 | CN13: 97.13495 | CO13: 22.525689 | CP13: 155.33409 | CQ13: 96.179223 | CR13: 420.14814 | CS13: 96.179223 | CT13: 378.2244 | CU13: 103.21755 | CV13: 245.78855 | CW13: 64.941597 | CX13: 37.953134 | CY13: 80.166784 | CZ13: 183.62449 | DA13: 48.875078 | DB13: 183.27034 | DC13: 26.809632 | DD13: 153.03892 | DE13: 9.7845352 | DF13: 9.7845352 | DG13: 63.954871 | DH13: 17.365655 | DI13: 173.62484 | DJ13: 20.860971 | DK13: 119.02157 | DL13: 251.32758 | DM13: 122.43568 | DN13: 173.62484 | DO13: 86.748121 | DP13: 48.017777 | DQ13: 153.93725 | DR13: 11.243584 | DS13: 167.75601 | DT13: 38.626992 | DU13: 185.34129 | DV13: 24.830633 | DW13: 161.87373 | DX13: -0.62747691 | DY13: 27.409962 | DZ13: 2.6 | EA13: 23.352876 | EB13: 210.47658 | EC13: 829.24521 | ED13: 296.35715 | EE13: 544.06385 | EF13: 201.77706 | EG13: 141.51439 | EH13: 219.79243 | EI13: 104.84739 | EJ13: 323.45465 | EK13: 127.59561 | EL13: 400.57778 | EM13: 104.02241 | EN13: 478.48928 | EO13: 90.186261 | EP13: 399.14454 | EQ13: 184.4 | ER13: 41 | ET13: 268.47497 | EV13: 132.11239 | EW13: 126.26426 | EX13: 297.14299 | EY13: 98.819626 | EZ13: 63.256822 | FD13: 145.32304 | FH13: 47.838349 | FI13: 18.404624 | FJ13: 80.081843 | FK13: 8.0237532 | FL13: 19.3 | FM13: 83.7 | FN13: 191.15019 | FO13: 67.543484 | FP13: 50.71433 | FQ13: 103.41152 | FR13: 27.15005 | FS13: 109.13504 | FT13: 62.945317 | FU13: 100.62579 | FV13: 25.68516 | FW13: 164.64451 | FX13: 24.995651 | FY13: 121.08578 | FZ13: 16.646323 | GA13: 22.108946 | GC13: 1635.8659 | GD13: 333.7 | GE13: 744.6 | GF13: 451.13828 | GG13: 843.73286 | GH13: 307.26398 | GI13: 193.7738 | GJ13: 628.85992 | GK13: 118.22039 | GL13: 660.50453 | GM13: 143.64935 | GN13: 508.63876 | GO13: 147.62638 | GP13: 1014.4898 | GQ13: 125.8 | GR13: 449.98134 | GS13: 162.30521 | GT13: 574.31459 | GU13: 0.5 | GV13: 181.39712 | GW13: 58.925429 | GX13: 14.57474 | GY13: 41.210115 | GZ13: 108.73511 | HA13: 30.983885 | HB13: 23.375114 | HC13: 34.106586 | HD13: 23.066156 | HE13: 48.442737 | HF13: 12.308132 | HG13: 85.0663 | HH13: 85.695559 | HI13: 27.986411 | HJ13: 64.837742 | HK13: 112.5074 | HL13: 35.313462 | HM13: 9.7678774 | HN13: 24.887549 | HO13: 538.43622 | HP13: 24.887549 | HQ13: 291.67389 | HR13: 125.82009 | HS13: 318.21635 | HT13: 29.981029 | HU13: 176.5326 | HV13: 41.256914 | HW13: 190.55019 | HX13: 13.788428 | HY13: 163.87765 | HZ13: 69.627707 | IA13: 357.19662 | IB13: 11.1 | IC13: 165.35298 | ID13: 28.783469 | IE13: 91.354695 | IF13: 2.4 | IG13: 7.3968748 | IH13: 123.79436 | II13: 161.99715 | IJ13: 79.04719 | IK13: 186.92841 | IL13: 49.685341 | IM13: 41.869388 | IN13: 94.304992 | IO13: 33.20226 | IP13: 82.3241 | IQ13: 16.848891 | IR13: 170.54752 | IS13: 18.329961 | IT13: 122.10836 | IU13: 19.439509 | IV13: 131.86937 | IW13: 54.926298 | IX13: 13.676919 | IY13: 1.2 | IZ13: 4.7 | JA13: 80.820919 | JB13: 121.13007 | JC13: 38.817101 | JD13: 128.85831 | JE13: 40.007802 | JF13: 15.920849 | JG13: 21.832052 | JH13: 14.272465 | JI13: 21.412443 | JJ13: 10.498517 | JK13: 65.015363 | JL13: 11.273277 | JM13: 97.361514 | JN13: 14.074489 | JO13: 87.026132 | JP13: 37.544912 | JQ13: 15.932281 | JR13: 0.3 | JS13: 5.7 | JT13: 70.362892 | JU13: 12.743847 | JV13: 40.228853 | JW13: 135.94108 | JX13: 24.18689 | JY13: 36.293111 | JZ13: 44.545239 | KA13: 27.355058 | KB13: 98.4806 | KC13: 18.75808 | KD13: 85.921365 | KE13: 18.606013 | KF13: 101.4721 | KG13: 18.00105 | KH13: 112.879 | KI13: 13.767074 | KJ13: 207.45817 | KK13: 2.5 | KL13: 44.440909 | KM13: 113.93304 | KN13: 68.3 | KO13: 86.09008 | KP13: 216.04018 | KQ13: 86.6 | KR13: 111.12036 | KS13: 109.9 | KT13: 41.9 | KU13: 200.4 | KV13: 62 | KW13: 141.5 | KX13: 37.8 | KY13: 184.6 | KZ13: 31.7 | LA13: 159.8 | LB13: 20.267779 | LC13: 307.30056 | LD13: 2.6033823 | LE13: 65.816581 | LF13: 99.686566 | LG13: 210.77285 | LH13: 82.074305 | LI13: 179.85123 | LJ13: 50.61128 | LK13: 82.943546 | LL13: 49.873633 | LM13: 25.603742 | LN13: 91.019347 | LO13: 19.985964 | LP13: 93.451758 | LQ13: 20.846035 | LR13: 54.923203 | LS13: 19.223985 | LT13: 81.094341 | LU13: 68.209032 | LV13: 50.712092 | LW13: 0.5 | LX13: 241.44509 | LY13: 67.909296 | LZ13: 89.17913 | MA13: 56.070287 | MB13: 148.69034 | MC13: 36.602992 | MD13: 40.610913 | ME13: 74.561382 | MF13: 19.475106 | MG13: 71.056841 | MH13: 16.332229 | MI13: 79.218075 | MJ13: 52.171765 | MK13: 52.171765 | ML13: 97.598585 | MM13: 45.153335 | MN13: 144.98923 | MO13: 4.3 | MP13: 161.9 | MQ13: 13.25743 | MR13: 68.094407 | MS13: 15.812392 | MT13: 91.558538 | MU13: 33.611946 | MV13: 70.022683 | MW13: 37.139312 | MX13: 362.49659 | MY13: 30.2 | MZ13: 134.2 | NA13: 65.335223 | NB13: 73.786581 | NC13: 45.2 | ND13: 207 | NE13: 1888.3089 | NF13: 321.45302
A14: 36831 | B14: 2.1 | C14: 10.787476 | D14: 130.54912 | E14: 87.982885 | F14: 157.14875 | G14: 266.45952 | H14: 104.49994 | I14: 109.31603 | J14: 115.66978 | K14: 39.435991 | L14: 159.26367 | M14: 61.211978 | N14: 198.34475 | O14: 31.979219 | P14: 154.86297 | Q14: 24.47194 | R14: 174.87388 | S14: 42.578752 | T14: 283.82511 | U14: 0.9 | V14: 74.5 | W14: 21 | X14: 137.94807 | Y14: 104.4 | Z14: 263.7 | AA14: 66.3 | AB14: 47.3 | AC14: 135.11401 | AD14: 19.051259 | AE14: 229.8 | AF14: 52.5 | AG14: 150.4 | AH14: 108.7 | AI14: 287 | AJ14: 27.9 | AK14: 168.6 | AL14: 90.771271 | AM14: 9.0457291 | AO14: 11.696234 | AQ14: 627.22435 | AR14: 253.45352 | AS14: 459.53627 | AT14: 179.03321 | AU14: 118.54885 | AV14: 215.67497 | AW14: 41.337019 | AX14: 296.48361 | AY14: 60.671678 | AZ14: 259.25073 | BA14: 75.192807 | BB14: 44.386196 | BC14: 240.95351 | BD14: 84.406136 | BE14: 55.312013 | BF14: 170.35283 | BG14: 649.99328 | BH14: 170.35283 | BI14: 351.52674 | BJ14: 179.0346 | BK14: 326.49418 | BL14: 144.45892 | BM14: 127.81594 | BN14: 151.27432 | BO14: 47.844817 | BP14: 170.69893 | BQ14: 221.81583 | BR14: 208.82655 | BS14: 208.82655 | BT14: 16.232178 | BU14: 213.53136 | BV14: 105.52087 | BW14: 322.70265 | BX14: 97.786094 | BY14: 3.6 | BZ14: 15.948026 | CA14: 31.876022 | CB14: 68.676833 | CC14: 125.93476 | CD14: 51.676109 | CE14: 72.88077 | CF14: 70.986068 | CG14: 25.74026 | CH14: 97.044204 | CI14: 14.165897 | CJ14: 89.988806 | CK14: 14.313803 | CL14: 89.737501 | CM14: 19.35578 | CN14: 97.209452 | CO14: 22.474707 | CP14: 155.75682 | CQ14: 95.761711 | CR14: 420.92882 | CS14: 95.761711 | CT14: 376.36405 | CU14: 103.0204 | CV14: 246.79175 | CW14: 65.344884 | CX14: 38.102871 | CY14: 79.958046 | CZ14: 183.47584 | DA14: 48.615071 | DB14: 181.68945 | DC14: 26.725081 | DD14: 152.99911 | DE14: 9.8294954 | DF14: 9.8294954 | DG14: 64.026831 | DH14: 17.439457 | DI14: 174.80048 | DJ14: 21.298357 | DK14: 119.23535 | DL14: 251.53502 | DM14: 122.81944 | DN14: 174.80048 | DO14: 87.147298 | DP14: 48.215629 | DQ14: 154.11646 | DR14: 11.390474 | DS14: 166.7989 | DT14: 38.670916 | DU14: 186.03794 | DV14: 25.056772 | DW14: 161.86138 | DX14: 3.7830736 | DY14: 27.407651 | DZ14: 2.5 | EA14: 23.504277 | EB14: 212.37086 | EC14: 828.76965 | ED14: 296.57199 | EE14: 544.81778 | EF14: 203.08902 | EG14: 144.3928 | EH14: 219.31427 | EI14: 104.68991 | EJ14: 324.17125 | EK14: 127.50523 | EL14: 400.16486 | EM14: 104.15418 | EN14: 480.00101 | EO14: 89.499416 | EP14: 400.5288 | EQ14: 185.1 | ER14: 41.4 | ET14: 269.37245 | EV14: 131.64274 | EW14: 126.61806 | EX14: 299.05022 | EY14: 98.995723 | EZ14: 63.646686 | FD14: 149.47134 | FH14: 47.746338 | FI14: 18.395262 | FJ14: 80.21275 | FK14: 7.9784216 | FL14: 19 | FM14: 83.9 | FN14: 191.71519 | FO14: 67.676169 | FP14: 50.770207 | FQ14: 103.4338 | FR14: 26.998267 | FS14: 109.7011 | FT14: 62.91549 | FU14: 100.1374 | FV14: 25.86769 | FW14: 165.03564 | FX14: 25.197837 | FY14: 121.4553 | FZ14: 16.300905 | GA14: 22.203242 | GC14: 1640.197 | GD14: 335.3 | GE14: 740.9 | GF14: 450.33903 | GG14: 848.0709 | GH14: 307.99232 | GI14: 193.20243 | GJ14: 627.08765 | GK14: 119.32028 | GL14: 663.27189 | GM14: 143.75605 | GN14: 509.61791 | GO14: 147.43233 | GP14: 1015.7933 | GQ14: 126.4 | GR14: 451.34736 | GS14: 163.48544 | GT14: 569.27352 | GU14: 0.5 | GV14: 182.16363 | GW14: 59.223777 | GX14: 14.69445 | GY14: 41.31555 | GZ14: 109.34663 | HA14: 31.312207 | HB14: 23.280194 | HC14: 33.951035 | HD14: 23.329439 | HE14: 48.385719 | HF14: 12.411526 | HG14: 85.708942 | HH14: 85.574243 | HI14: 27.909645 | HJ14: 65.222463 | HK14: 112.39326 | HL14: 34.956402 | HM14: 9.7338671 | HN14: 24.699338 | HO14: 540.22645 | HP14: 24.699338 | HQ14: 291.45325 | HR14: 126.3244 | HS14: 319.7556 | HT14: 29.850045 | HU14: 177.20544 | HV14: 41.542427 | HW14: 191.09231 | HX14: 13.824084 | HY14: 163.57966 | HZ14: 69.157208 | IA14: 357.77702 | IB14: 11.2 | IC14: 165.90238 | ID14: 29.014864 | IE14: 91.23717 | IF14: 2.4 | IG14: 7.4041561 | IH14: 124.13287 | II14: 162.62964 | IJ14: 79.389785 | IK14: 187.77537 | IL14: 50.312797 | IM14: 41.88827 | IN14: 94.497417 | IO14: 33.263691 | IP14: 82.37297 | IQ14: 16.963878 | IR14: 170.17457 | IS14: 18.403014 | IT14: 122.1456 | IU14: 19.403427 | IV14: 131.93946 | IW14: 55.192103 | IX14: 13.645312 | IY14: 1.2 | IZ14: 4.7 | JA14: 82.58819 | JB14: 121.13928 | JC14: 38.83164 | JD14: 129.67314 | JE14: 40.418088 | JF14: 15.928518 | JG14: 21.88279 | JH14: 14.284042 | JI14: 21.614318 | JJ14: 10.463318 | JK14: 65.677235 | JL14: 11.288808 | JM14: 97.373718 | JN14: 14.374363 | JO14: 86.997538 | JP14: 37.547114 | JQ14: 15.979111 | JR14: 0.3 | JS14: 5.7 | JT14: 71.233029 | JU14: 12.798905 | JV14: 40.371605 | JW14: 136.96553 | JX14: 24.317164 | JY14: 36.349015 | JZ14: 44.576327 | KA14: 27.471834 | KB14: 99.090902 | KC14: 18.827744 | KD14: 85.812841 | KE14: 18.498118 | KF14: 101.76788 | KG14: 17.955898 | KH14: 112.98549 | KI14: 13.728757 | KJ14: 208.30335 | KK14: 2.5 | KL14: 45.158234 | KM14: 114.91249 | KN14: 68.3 | KO14: 86.044698 | KP14: 216.98063 | KQ14: 87.9 | KR14: 111.30773 | KS14: 109.3 | KT14: 41.9 | KU14: 201.5 | KV14: 61.7 | KW14: 142 | KX14: 37.9 | KY14: 185.5 | KZ14: 32.1 | LA14: 159.7 | LB14: 20.352008 | LC14: 308.82441 | LD14: 2.5065809 | LE14: 66.523964 | LF14: 100.94378 | LG14: 210.07596 | LH14: 81.826608 | LI14: 180.48217 | LJ14: 51.277255 | LK14: 83.263258 | LL14: 50.002471 | LM14: 25.628054 | LN14: 91.577148 | LO14: 20.154054 | LP14: 92.323475 | LQ14: 20.69997 | LR14: 55.056181 | LS14: 19.448845 | LT14: 81.408639 | LU14: 68.433916 | LV14: 50.907931 | LW14: 0.5 | LX14: 243.26392 | LY14: 68.52083 | LZ14: 88.952388 | MA14: 56.716393 | MB14: 149.57231 | MC14: 37.078047 | MD14: 40.70113 | ME14: 74.754953 | MF14: 19.677418 | MG14: 71.941212 | MH14: 16.517016 | MI14: 77.740625 | MJ14: 52.286489 | MK14: 52.286489 | ML14: 97.791616 | MM14: 45.253791 | MN14: 145.41797 | MO14: 4.3 | MP14: 163 | MQ14: 13.029174 | MR14: 68.085757 | MS14: 16.067409 | MT14: 92.246009 | MU14: 34.014567 | MV14: 70.433954 | MW14: 37.222902 | MX14: 364.30651 | MY14: 30.4 | MZ14: 133.6 | NA14: 65.331834 | NB14: 73.709243 | NC14: 46.3 | ND14: 207.5 | NE14: 1894.5616 | NF14: 322.49576
A15: 36861 | B15: 2 | C15: 10.676159 | D15: 130.86225 | E15: 87.85252 | F15: 157.27795 | G15: 266.40317 | H15: 104.58167 | I15: 109.91191 | J15: 115.63069 | K15: 39.859202 | L15: 160.59677 | M15: 60.913785 | N15: 198.4348 | O15: 31.977693 | P15: 154.74024 | Q15: 24.499297 | R15: 173.90313 | S15: 42.788178 | T15: 285.15478 | U15: 0.9 | V15: 74.4 | W15: 21.4 | X15: 137.73527 | Y15: 105.6 | Z15: 272.3 | AA15: 66.1 | AB15: 47.2 | AC15: 135.31769 | AD15: 19.29135 | AE15: 233.5 | AF15: 52.7 | AG15: 148.3 | AH15: 108.2 | AI15: 288.3 | AJ15: 26.8 | AK15: 168.4 | AL15: 90.861578 | AM15: 9.0274326 | AO15: 11.621057 | AQ15: 623.7567 | AR15: 253.17181 | AS15: 458.77103 | AT15: 180.46099 | AU15: 118.74933 | AV15: 216.87597 | AW15: 41.414802 | AX15: 297.07372 | AY15: 60.678466 | AZ15: 257.75986 | BA15: 75.236747 | BB15: 44.598599 | BC15: 240.43961 | BD15: 84.610757 | BE15: 55.850872 | BF15: 171.28491 | BG15: 651.33899 | BH15: 171.28491 | BI15: 350.36849 | BJ15: 178.98856 | BK15: 326.78298 | BL15: 145.97578 | BM15: 127.52603 | BN15: 151.01569 | BO15: 48.19012 | BP15: 171.14969 | BQ15: 220.75357 | BR15: 209.26812 | BS15: 209.26812 | BT15: 16.325823 | BU15: 214.14644 | BV15: 105.26385 | BW15: 325.11354 | BX15: 98.634005 | BY15: 3.6 | BZ15: 16.243091 | CA15: 32.044557 | CB15: 68.880692 | CC15: 127.01631 | CD15: 51.203898 | CE15: 73.014336 | CF15: 71.095444 | CG15: 25.884651 | CH15: 97.042279 | CI15: 14.117532 | CJ15: 89.678622 | CK15: 14.488265 | CL15: 90.123056 | CM15: 19.395587 | CN15: 96.853281 | CO15: 22.690523 | CP15: 156.58959 | CQ15: 93.236143 | CR15: 422.43537 | CS15: 93.236143 | CT15: 374.11852 | CU15: 103.18467 | CV15: 248.7156 | CW15: 64.708512 | CX15: 38.351679 | CY15: 79.968336 | CZ15: 183.71961 | DA15: 48.551487 | DB15: 179.38323 | DC15: 26.89807 | DD15: 152.28983 | DE15: 9.9786032 | DF15: 9.9786032 | DG15: 66.012113 | DH15: 17.293959 | DI15: 175.1653 | DJ15: 21.413101 | DK15: 119.30719 | DL15: 251.77151 | DM15: 123.33128 | DN15: 175.1653 | DO15: 87.283245 | DP15: 48.395012 | DQ15: 154.81261 | DR15: 11.436083 | DS15: 166.79233 | DT15: 38.862851 | DU15: 186.79953 | DV15: 25.113219 | DW15: 161.45889 | DX15: 4.7285485 | DY15: 27.520531 | DZ15: 2.3 | EA15: 23.452906 | EB15: 214.22396 | EC15: 831.44546 | ED15: 296.01532 | EE15: 545.33236 | EF15: 203.57949 | EG15: 140.62649 | EH15: 220.26657 | EI15: 105.49149 | EJ15: 326.4325 | EK15: 127.65841 | EL15: 397.47977 | EM15: 104.88464 | EN15: 482.64741 | EO15: 90.265347 | EP15: 402.28365 | EQ15: 185.3 | ER15: 41.4 | ET15: 269.06939 | EV15: 130.51859 | EW15: 127.35938 | EX15: 299.53068 | EY15: 99.055806 | EZ15: 64.1453 | FD15: 149.13859 | FH15: 47.590183 | FI15: 18.110453 | FJ15: 80.480733 | FK15: 7.9231458 | FL15: 18.9 | FM15: 84.3 | FN15: 192.07489 | FO15: 67.975751 | FP15: 50.761417 | FQ15: 103.64172 | FR15: 27.221447 | FS15: 109.98303 | FT15: 62.62742 | FU15: 98.55856 | FV15: 26.277655 | FW15: 165.79694 | FX15: 25.362649 | FY15: 120.69296 | FZ15: 16.511813 | GA15: 22.333086 | GC15: 1646.0469 | GD15: 335.3 | GE15: 738.6 | GF15: 451.32502 | GG15: 850.62448 | GH15: 307.53941 | GI15: 193.6958 | GJ15: 627.40509 | GK15: 118.66656 | GL15: 665.73763 | GM15: 143.83216 | GN15: 510.17318 | GO15: 149.37149 | GP15: 1019.2459 | GQ15: 126.9 | GR15: 452.49414 | GS15: 164.09192 | GT15: 569.02672 | GU15: 0.4 | GV15: 181.82961 | GW15: 59.286193 | GX15: 14.75597 | GY15: 41.565568 | GZ15: 109.16237 | HA15: 31.063812 | HB15: 23.373533 | HC15: 33.903345 | HD15: 23.419623 | HE15: 48.533962 | HF15: 12.463494 | HG15: 85.502395 | HH15: 86.15016 | HI15: 28.05168 | HJ15: 65.183838 | HK15: 112.19105 | HL15: 35.010292 | HM15: 9.8143636 | HN15: 24.61162 | HO15: 542.07674 | HP15: 24.61162 | HQ15: 290.94868 | HR15: 126.44947 | HS15: 320.87908 | HT15: 29.73224 | HU15: 177.19859 | HV15: 41.727144 | HW15: 192.17297 | HX15: 13.979745 | HY15: 163.21186 | HZ15: 71.049778 | IA15: 358.74454 | IB15: 10.9 | IC15: 165.99468 | ID15: 29.020908 | IE15: 90.838127 | IF15: 2.4 | IG15: 7.4351198 | IH15: 125.12982 | II15: 162.40694 | IJ15: 79.883024 | IK15: 188.45046 | IL15: 50.637286 | IM15: 42.264564 | IN15: 94.820653 | IO15: 33.327102 | IP15: 82.832435 | IQ15: 17.169031 | IR15: 170.15482 | IS15: 18.554551 | IT15: 123.24913 | IU15: 19.498907 | IV15: 132.02095 | IW15: 55.520713 | IX15: 13.4224 | IY15: 1.2 | IZ15: 4.7 | JA15: 83.782461 | JB15: 121.16644 | JC15: 39.032636 | JD15: 129.88202 | JE15: 40.550967 | JF15: 15.957337 | JG15: 22.025279 | JH15: 14.458738 | JI15: 21.799499 | JJ15: 10.318925 | JK15: 65.389245 | JL15: 11.299449 | JM15: 97.969076 | JN15: 14.352778 | JO15: 87.203208 | JP15: 37.62738 | JQ15: 16.054951 | JR15: 0.3 | JS15: 5.8 | JT15: 72.609011 | JU15: 12.902349 | JV15: 40.701641 | JW15: 136.97297 | JX15: 24.536449 | JY15: 36.364893 | JZ15: 44.814726 | KA15: 27.371665 | KB15: 99.659741 | KC15: 18.864769 | KD15: 85.986766 | KE15: 18.318888 | KF15: 102.28422 | KG15: 17.991281 | KH15: 113.18858 | KI15: 13.896601 | KJ15: 209.11657 | KK15: 2.6 | KL15: 45.046406 | KM15: 116.14363 | KN15: 68.5 | KO15: 86.715636 | KP15: 217.58144 | KQ15: 88.4 | KR15: 110.75266 | KS15: 109.8 | KT15: 41.9 | KU15: 201.4 | KV15: 61.8 | KW15: 140.5 | KX15: 38.4 | KY15: 186.1 | KZ15: 32 | LA15: 159 | LB15: 20.594053 | LC15: 308.6031 | LD15: 2.4347857 | LE15: 65.675987 | LF15: 101.60615 | LG15: 209.68929 | LH15: 82.007185 | LI15: 180.37131 | LJ15: 50.583843 | LK15: 83.330561 | LL15: 50.337426 | LM15: 25.91023 | LN15: 92.524587 | LO15: 20.260704 | LP15: 94.026856 | LQ15: 20.91182 | LR15: 55.099817 | LS15: 19.550585 | LT15: 81.885483 | LU15: 69.049535 | LV15: 51.016298 | LW15: 0.5 | LX15: 242.80924 | LY15: 68.325167 | LZ15: 88.363894 | MA15: 56.720811 | MB15: 149.51204 | MC15: 36.821747 | MD15: 40.742686 | ME15: 74.358171 | MF15: 19.819255 | MG15: 72.716275 | MH15: 16.612059 | MI15: 78.417958 | MJ15: 52.25138 | MK15: 52.25138 | ML15: 97.631013 | MM15: 45.211156 | MN15: 145.15648 | MO15: 4.3 | MP15: 162.8 | MQ15: 12.855292 | MR15: 68.289444 | MS15: 15.977701 | MT15: 91.220823 | MU15: 33.880373 | MV15: 70.531642 | MW15: 37.472264 | MX15: 366.08311 | MY15: 30.5 | MZ15: 134.9 | NA15: 65.373645 | NB15: 73.996799 | NC15: 46.7 | ND15: 207.9 | NE15: 1900.6198 | NF15: 322.54629
... A39: 37591 | B39: 1.8 | C39: 11.04951 | D39: 121.65644 | E39: 84.815661 | F39: 147.93168 | G39: 260.2459 | H39: 97.710626 | I39: 94.573932 | J39: 115.95761 | K39: 41.434499 | L39: 152.37136 | M39: 58.647535 | N39: 175.47412 | O39: 34.106462 | P39: 170.57527 | Q39: 24.112195 | R39: 179.6313 | S39: 35.571104 | T39: 305.54999 | U39: 1.1 | V39: 67.3 | W39: 23 | X39: 112.38379 | Y39: 94.8 | Z39: 263.3 | AA39: 59.5 | AB39: 39 | AC39: 129.18563 | AD39: 19.463395 | AE39: 206 | AF39: 50.1 | AG39: 125.5 | AH39: 113.7 | AI39: 304.5 | AJ39: 30.3 | AK39: 171.1 | AL39: 94.003734 | AM39: 8.3144028 | AO39: 15.487316 | AQ39: 528.57138 | AR39: 245.78898 | AS39: 460.66186 | AT39: 161.61491 | AU39: 103.94965 | AV39: 220.20817 | AW39: 42.48637 | AX39: 258.84995 | AY39: 59.143185 | AZ39: 236.14664 | BA39: 81.74846 | BB39: 46.324035 | BC39: 240.32753 | BD39: 85.664622 | BE39: 54.560622 | BF39: 157.64799 | BG39: 616.48635 | BH39: 157.64799 | BI39: 302.93592 | BJ39: 171.6391 | BK39: 309.55022 | BL39: 135.95665 | BM39: 103.4596 | BN39: 157.68286 | BO39: 45.154969 | BP39: 152.84413 | BQ39: 193.65877 | BR39: 226.37774 | BS39: 226.37774 | BT39: 18.191507 | BU39: 215.48398 | BV39: 106.83331 | BW39: 345.91425 | BX39: 90.19795 | BY39: 3.7 | BZ39: 14.702667 | CA39: 27.573725 | CB39: 63.625652 | CC39: 122.28354 | CD39: 46.461131 | CE39: 56.569788 | CF39: 69.950106 | CG39: 26.774649 | CH39: 85.150296 | CI39: 16.250112 | CJ39: 77.903451 | CK39: 15.214643 | CL39: 96.112419 | CM39: 19.42779 | CN39: 96.792802 | CO39: 23.183166 | CP39: 164.786 | CQ39: 86.018483 | CR39: 391.41128 | CS39: 86.018483 | CT39: 320.29783 | CU39: 97.793348 | CV39: 227.20858 | CW39: 59.746133 | CX39: 33.478277 | CY39: 85.373536 | CZ39: 178.71734 | DA39: 46.260269 | DB39: 150.68806 | DC39: 26.663655 | DD39: 154.28691 | DE39: 10.317862 | DF39: 10.317862 | DG39: 63.835769 | DH39: 17.620302 | DI39: 179.58151 | DJ39: 23.567675 | DK39: 119.66031 | DL39: 246.14805 | DM39: 117.09051 | DN39: 179.58151 | DO39: 87.069746 | DP39: 46.400824 | DQ39: 150.90191 | DR39: 12.318484 | DS39: 155.16947 | DT39: 40.03246 | DU39: 204.89751 | DV39: 26.487682 | DW39: 170.18276 | DX39: 1.3000171 | DY39: 27.889105 | DZ39: 3.3 | EA39: 21.939627 | EB39: 214.96113 | EC39: 714.69826 | ED39: 295.54668 | EE39: 553.99296 | EF39: 188.66603 | EG39: 110.93655 | EH39: 242.08415 | EI39: 106.22343 | EJ39: 325.15384 | EK39: 121.17998 | EL39: 382.06379 | EM39: 111.96576 | EN39: 545.16338 | EO39: 96.526225 | EP39: 416.62838 | EQ39: 193.6 | ER39: 42.6 | ET39: 253.18395 | EV39: 109.95587 | EW39: 133.48427 | EX39: 283.83081 | EY39: 96.174186 | EZ39: 58.557702 | FD39: 160.96583 | FH39: 46.19006 | FI39: 20.104534 | FJ39: 82.555043 | FK39: 7.3351719 | FL39: 19.2 | FM39: 81.6 | FN39: 187.62668 | FO39: 58.977774 | FP39: 46.838529 | FQ39: 106.90784 | FR39: 27.541386 | FS39: 102.50731 | FT39: 56.75283 | FU39: 89.87472 | FV39: 27.90049 | FW39: 179.63967 | FX39: 27.397625 | FY39: 122.40649 | FZ39: 15.697472 | GA39: 21.466378 | GC39: 1582.0952 | GD39: 320.6 | GE39: 634.8 | GF39: 435.12155 | GG39: 828.13297 | GH39: 283.24351 | GI39: 171.6984 | GJ39: 582.96858 | GK39: 113.83085 | GL39: 602.33492 | GM39: 148.5801 | GN39: 488.46761 | GO39: 157.30588 | GP39: 1068.1323 | GQ39: 130 | GR39: 457.42204 | GS39: 163.18301 | GT39: 577.01004 | GU39: 0.5 | GV39: 173.24116 | GW39: 63.207481 | GX39: 12.298904 | GY39: 39.162367 | GZ39: 105.83423 | HA39: 28.267144 | HB39: 22.44813 | HC39: 35.102182 | HD39: 23.84447 | HE39: 51.368511 | HF39: 13.630372 | HG39: 83.14322 | HH39: 91.336041 | HI39: 29.694023 | HJ39: 57.493318 | HK39: 110.20379 | HL39: 40.253351 | HM39: 11.307017 | HN39: 25.841202 | HO39: 531.351 | HP39: 25.841202 | HQ39: 257.05734 | HR39: 128.09984 | HS39: 307.99467 | HT39: 33.411995 | HU39: 177.71024 | HV39: 40.779436 | HW39: 189.65491 | HX39: 15.463033 | HY39: 157.66238 | HZ39: 75.595261 | IA39: 368.73778 | IB39: 12.9 | IC39: 168.37108 | ID39: 30.278965 | IE39: 91.538969 | IF39: 2 | IG39: 7.4975301 | IH39: 124.5163 | II39: 132.97889 | IJ39: 78.054123 | IK39: 189.85797 | IL39: 51.461323 | IM39: 38.639814 | IN39: 99.922494 | IO39: 33.311075 | IP39: 81.080335 | IQ39: 16.983327 | IR39: 155.29963 | IS39: 22.990935 | IT39: 138.95458 | IU39: 19.87397 | IV39: 135.95619 | IW39: 61.957994 | IX39: 14.544927 | IY39: 1.3 | IZ39: 5 | JA39: 94.090872 | JB39: 116.532 | JC39: 42.660793 | JD39: 138.33747 | JE39: 43.209993 | JF39: 15.455026 | JG39: 24.016956 | JH39: 16.215151 | JI39: 26.946599 | JJ39: 11.411073 | JK39: 71.248168 | JL39: 13.071669 | JM39: 112.69311 | JN39: 14.755078 | JO39: 93.943933 | JP39: 41.558251 | JQ39: 16.781534 | JR39: 0.3 | JS39: 5.9 | JT39: 77.91463 | JU39: 13.333514 | JV39: 42.448643 | JW39: 139.8701 | JX39: 21.223612 | JY39: 34.699524 | JZ39: 49.420657 | KA39: 28.342824 | KB39: 105.21804 | KC39: 19.24865 | KD39: 81.730575 | KE39: 16.809966 | KF39: 110.84329 | KG39: 20.677731 | KH39: 116.18531 | KI39: 14.042694 | KJ39: 219.78675 | KK39: 1.2 | KL39: 38.124136 | KM39: 110.67411 | KN39: 60.3 | KO39: 79.193731 | KP39: 208.54085 | KQ39: 76.8 | KR39: 83.810903 | KS39: 115.2 | KT39: 40.4 | KU39: 168.8 | KV39: 49.3 | KW39: 110.2 | KX39: 38.3 | KY39: 193.3 | KZ39: 33.5 | LA39: 162 | LB39: 17.64059 | LC39: 319.61324 | LD39: 2.1069176 | LE39: 60.465265 | LF39: 90.843842 | LG39: 175.52506 | LH39: 75.802473 | LI39: 168.19169 | LJ39: 44.781262 | LK39: 75.227379 | LL39: 51.591305 | LM39: 24.646536 | LN39: 77.215338 | LO39: 23.90094 | LP39: 79.211183 | LQ39: 19.367094 | LR39: 59.206299 | LS39: 18.740869 | LT39: 78.573833 | LU39: 66.549599 | LV39: 52.732517 | LW39: 0.5 | LX39: 225.51109 | LY39: 71.371932 | LZ39: 79.262236 | MA39: 52.083051 | MB39: 141.94877 | MC39: 31.377145 | MD39: 34.645051 | ME39: 74.179508 | MF39: 21.976534 | MG39: 67.670056 | MH39: 18.028777 | MI39: 72.627389 | MJ39: 55.651309 | MK39: 55.651309 | ML39: 100.58276 | MM39: 49.348215 | MN39: 147.84557 | MO39: 4 | MP39: 155.1 | MQ39: 10.772052 | MR39: 66.230385 | MS39: 14.711343 | MT39: 82.690901 | MU39: 36.841661 | MV39: 73.058085 | MW39: 38.045714 | MX39: 366.18852 | MY39: 34.3 | MZ39: 122.7 | NA39: 68.139846 | NB39: 79.893232 | NC39: 41.7 | ND39: 204.9 | NE39: 1891.1479 | NF39: 335.64964
A40: 37622 | B40: 1.8 | C40: 11.000994 | D40: 121.48498 | E40: 84.098585 | F40: 148.26799 | G40: 252.45171 | H40: 97.833877 | I40: 91.403663 | J40: 115.98387 | K40: 41.340534 | L40: 152.63974 | M40: 58.756565 | N40: 173.02348 | O40: 33.502291 | P40: 170.82655 | Q40: 24.033131 | R40: 178.08699 | S40: 35.311155 | T40: 306.41641 | U40: 1.2 | V40: 67.3 | W40: 22.8 | X40: 111.32595 | Y40: 93 | Z40: 242.8 | AA40: 59.6 | AB40: 38.4 | AC40: 129.15117 | AD40: 19.435406 | AE40: 204.9 | AF40: 49.8 | AG40: 118.8 | AH40: 105.1 | AI40: 302.2 | AJ40: 27.2 | AK40: 162.7 | AL40: 93.373765 | AM40: 9.3431123 | AO40: 15.712452 | AQ40: 524.3634 | AR40: 246.97041 | AS40: 453.60124 | AT40: 161.7801 | AU40: 102.31834 | AV40: 221.15142 | AW40: 42.391534 | AX40: 259.0408 | AY40: 60.227025 | AZ40: 236.04819 | BA40: 81.208696 | BB40: 47.75822 | BC40: 240.90389 | BD40: 91.31067 | BE40: 54.366202 | BF40: 156.206 | BG40: 613.2971 | BH40: 156.206 | BI40: 301.09014 | BJ40: 170.67521 | BK40: 306.96245 | BL40: 135.79257 | BM40: 102.47119 | BN40: 157.66271 | BO40: 45.118487 | BP40: 153.28316 | BQ40: 193.00677 | BR40: 229.7894 | BS40: 229.7894 | BT40: 17.45303 | BU40: 216.34216 | BV40: 108.14483 | BW40: 343.38018 | BX40: 89.844584 | BY40: 3.7 | BZ40: 14.70511 | CA40: 28.322315 | CB40: 64.213697 | CC40: 121.94801 | CD40: 46.688099 | CE40: 56.389068 | CF40: 70.354866 | CG40: 26.965217 | CH40: 85.141339 | CI40: 17.345683 | CJ40: 78.001222 | CK40: 15.485911 | CL40: 96.418668 | CM40: 18.696461 | CN40: 97.025023 | CO40: 23.109057 | CP40: 164.70403 | CQ40: 85.352492 | CR40: 392.24311 | CS40: 85.352492 | CT40: 319.97081 | CU40: 98.183927 | CV40: 225.5382 | CW40: 62.214843 | CX40: 33.526974 | CY40: 85.935148 | CZ40: 175.24552 | DA40: 48.88627 | DB40: 153.23498 | DC40: 26.371675 | DD40: 155.57609 | DE40: 10.642057 | DF40: 10.642057 | DG40: 63.753493 | DH40: 17.420267 | DI40: 179.04927 | DJ40: 23.565716 | DK40: 120.27949 | DL40: 243.65671 | DM40: 117.79122 | DN40: 179.04927 | DO40: 86.840349 | DP40: 46.408723 | DQ40: 152.2237 | DR40: 11.949248 | DS40: 156.27519 | DT40: 39.158481 | DU40: 206.66591 | DV40: 26.055607 | DW40: 170.3601 | DX40: 4.3073976 | DY40: 28.004999 | DZ40: 3.2 | EA40: 21.912802 | EB40: 216.6733 | EC40: 710.1315 | ED40: 294.86135 | EE40: 548.46397 | EF40: 187.63577 | EG40: 119.25934 | EH40: 244.111 | EI40: 107.31981 | EJ40: 326.51916 | EK40: 120.15267 | EL40: 376.08357 | EM40: 112.91604 | EN40: 543.82675 | EO40: 96.924257 | EP40: 417.55748 | EQ40: 193 | ER40: 42.5 | ET40: 255.42228 | EU40: 120.86828 | EV40: 109.30123 | EW40: 133.84129 | EX40: 283.35666 | EY40: 95.685539 | EZ40: 57.704967 | FA40: 106.14679 | FD40: 158.57506 | FE40: 64.484105 | FF40: 104.65691 | FG40: 193.82893 | FH40: 45.922411 | FI40: 20.503656 | FJ40: 82.35556 | FK40: 7.2893889 | FL40: 18.4 | FM40: 81.9 | FN40: 187.91915 | FO40: 59.479275 | FP40: 46.13625 | FQ40: 105.60376 | FR40: 27.477063 | FS40: 101.36283 | FT40: 57.234001 | FU40: 91.672296 | FV40: 29.446156 | FW40: 180.79292 | FX40: 27.523896 | FY40: 124.7302 | FZ40: 15.742111 | GA40: 22.552187 | GB40: 30.6 | GC40: 1583.0745 | GD40: 320.9 | GE40: 632 | GF40: 439.78883 | GG40: 824.18718 | GH40: 286.86793 | GI40: 167.21417 | GJ40: 584.90446 | GK40: 114.14617 | GL40: 600.76923 | GM40: 150.94045 | GN40: 484.05753 | GO40: 158.38236 | GP40: 1081.079 | GQ40: 128.9 | GR40: 463.15931 | GS40: 164.31795 | GT40: 569.80162 | GU40: 0.5 | GV40: 173.62612 | GW40: 62.692633 | GX40: 12.427144 | GY40: 39.397521 | GZ40: 105.93065 | HA40: 28.093508 | HB40: 22.489641 | HC40: 35.393215 | HD40: 24.080948 | HE40: 50.988605 | HF40: 13.44359 | HG40: 81.060567 | HH40: 91.994518 | HI40: 29.581737 | HJ40: 57.453104 | HK40: 110.08997 | HL40: 40.119624 | HM40: 11.254968 | HN40: 26.146321 | HO40: 528.06397 | HP40: 26.146321 | HQ40: 252.45806 | HR40: 127.97206 | HS40: 304.49837 | HT40: 33.044906 | HU40: 177.8277 | HV40: 40.962278 | HW40: 189.83482 | HX40: 15.785536 | HY40: 158.55833 | HZ40: 75.725858 | IA40: 369.79697 | IB40: 11.5 | IC40: 167.84956 | ID40: 30.228753 | IE40: 90.843175 | IF40: 2 | IG40: 7.885771 | IH40: 125.81376 | II40: 133.24234 | IJ40: 77.852178 | IK40: 188.47975 | IL40: 51.62759 | IM40: 38.102954 | IN40: 100.55129 | IO40: 33.31341 | IP40: 82.051313 | IQ40: 17.279939 | IR40: 155.7304 | IS40: 23.275433 | IT40: 139.50409 | IU40: 20.429348 | IV40: 135.1044 | IW40: 61.679585 | IX40: 14.398448 | IY40: 1.3 | IZ40: 5 | JA40: 96.954898 | JB40: 115.36371 | JC40: 42.875732 | JD40: 139.52442 | JE40: 43.841421 | JF40: 15.414955 | JG40: 23.763901 | JH40: 16.345101 | JI40: 27.26759 | JJ40: 11.063568 | JK40: 71.529203 | JL40: 12.86891 | JM40: 112.08334 | JN40: 14.604751 | JO40: 92.647065 | JP40: 40.561299 | JQ40: 16.825095 | JR40: 0.3 | JS40: 5.9 | JT40: 78.108702 | JU40: 13.084702 | JV40: 42.279543 | JW40: 138.59654 | JX40: 20.850874 | JY40: 34.402286 | JZ40: 49.727068 | KA40: 28.723861 | KB40: 103.56288 | KC40: 19.313804 | KD40: 81.045526 | KE40: 17.862112 | KF40: 110.78523 | KG40: 20.979418 | KH40: 116.44395 | KI40: 14.299756 | KJ40: 220.05021 | KK40: 1 | KL40: 38.04234 | KM40: 112.34051 | KN40: 60.1 | KO40: 78.708239 | KP40: 208.09295 | KQ40: 76 | KR40: 81.935341 | KS40: 114.7 | KT40: 40.5 | KU40: 167.6 | KV40: 48.9 | KW40: 110.1 | KX40: 39.5 | KY40: 194 | KZ40: 33.5 | LA40: 161 | LB40: 18.861449 | LC40: 318.92076 | LD40: 2.1221863 | LE40: 60.985668 | LF40: 90.929505 | LG40: 174.17151 | LH40: 76.435379 | LI40: 168.46057 | LJ40: 46.125786 | LK40: 75.066642 | LL40: 51.93153 | LM40: 25.187545 | LN40: 77.401928 | LO40: 23.758533 | LP40: 78.938867 | LQ40: 18.940848 | LR40: 59.22761 | LS40: 18.704136 | LT40: 79.014905 | LU40: 66.919417 | LV40: 53.365249 | LW40: 0.5 | LX40: 221.31617 | LY40: 70.74267 | LZ40: 78.420222 | MA40: 50.488845 | MB40: 140.02678 | MC40: 31.087265 | MD40: 34.289373 | ME40: 74.044815 | MF40: 22.159765 | MG40: 67.203496 | MH40: 17.975473 | MI40: 73.161166 | MJ40: 55.865356 | MK40: 55.865356 | ML40: 100.39476 | MM40: 49.10181 | MN40: 147.00487 | MO40: 3.9 | MP40: 156.5 | MQ40: 10.521632 | MR40: 67.932778 | MS40: 15.140045 | MT40: 85.129037 | MU40: 36.337429 | MV40: 72.920062 | MW40: 39.321286 | MX40: 374.26125 | MY40: 34 | MZ40: 122 | NA40: 62.980897 | NB40: 79.414159 | NC40: 41.6 | ND40: 206.9 | NE40: 1906.5638 | NF40: 335.14598
A41: 37653 | B41: 1.8 | C41: 10.927904 | D41: 121.18979 | E41: 83.809218 | F41: 148.24465 | G41: 252.83393 | H41: 97.795522 | I41: 91.393575 | J41: 116.03668 | K41: 41.514474 | L41: 152.56973 | M41: 58.29199 | N41: 173.9388 | O41: 33.642649 | P41: 171.60361 | Q41: 23.976282 | R41: 178.33301 | S41: 35.451206 | T41: 305.11806 | U41: 1.1 | V41: 66.9 | W41: 22.6 | X41: 110.11486 | Y41: 92.4 | Z41: 238 | AA41: 59.3 | AB41: 38.4 | AC41: 128.43022 | AD41: 19.304628 | AE41: 202.7 | AF41: 49.6 | AG41: 116.3 | AH41: 111.1 | AI41: 301.7 | AJ41: 27.2 | AK41: 161.9 | AL41: 92.947817 | AM41: 9.3237599 | AO41: 15.620743 | AQ41: 522.47253 | AR41: 247.04736 | AS41: 456.03608 | AT41: 161.05006 | AU41: 102.26146 | AV41: 221.11907 | AW41: 42.450705 | AX41: 257.56961 | AY41: 60.113089 | AZ41: 235.01288 | BA41: 80.852255 | BB41: 47.882575 | BC41: 240.17441 | BD41: 91.424581 | BE41: 54.255854 | BF41: 155.33927 | BG41: 611.31124 | BH41: 155.33927 | BI41: 300.06447 | BJ41: 170.115 | BK41: 305.75854 | BL41: 135.40222 | BM41: 102.11058 | BN41: 158.33898 | BO41: 45.142056 | BP41: 152.74587 | BQ41: 191.87346 | BR41: 230.12439 | BS41: 230.12439 | BT41: 17.575022 | BU41: 215.69651 | BV41: 108.08423 | BW41: 346.42332 | BX41: 88.783672 | BY41: 3.7 | BZ41: 14.621041 | CA41: 28.155847 | CB41: 63.484884 | CC41: 122.14701 | CD41: 46.817043 | CE41: 56.030242 | CF41: 70.427677 | CG41: 26.881739 | CH41: 84.729784 | CI41: 17.537319 | CJ41: 77.220047 | CK41: 15.554395 | CL41: 96.607619 | CM41: 18.583334 | CN41: 96.533804 | CO41: 23.196606 | CP41: 164.57575 | CQ41: 84.729353 | CR41: 392.22959 | CS41: 84.729353 | CT41: 315.30671 | CU41: 97.902997 | CV41: 226.01592 | CW41: 61.777762 | CX41: 33.640076 | CY41: 85.762635 | CZ41: 174.92195 | DA41: 48.706245 | DB41: 153.49941 | DC41: 26.596671 | DD41: 154.53609 | DE41: 10.654938 | DF41: 10.654938 | DG41: 63.810571 | DH41: 16.755426 | DI41: 177.58221 | DJ41: 23.493821 | DK41: 119.81871 | DL41: 243.52448 | DM41: 115.79737 | DN41: 177.58221 | DO41: 86.971803 | DP41: 46.442363 | DQ41: 151.36576 | DR41: 11.918717 | DS41: 156.11081 | DT41: 40.05241 | DU41: 207.13348 | DV41: 26.507675 | DW41: 170.77181 | DX41: 6.9262598 | DY41: 28.045491 | DZ41: 3.2 | EA41: 21.800176 | EB41: 213.81583 | EC41: 706.33484 | ED41: 294.32871 | EE41: 551.37524 | EF41: 186.91466 | EG41: 119.07724 | EH41: 244.90119 | EI41: 107.55483 | EJ41: 326.08824 | EK41: 119.411 | EL41: 373.90657 | EM41: 113.18949 | EN41: 546.89016 | EO41: 97.475201 | EP41: 417.87001 | EQ41: 192.6 | ER41: 42.6 | ET41: 255.38131 | EU41: 121.0366 | EV41: 108.33005 | EW41: 133.56338 | EX41: 283.09339 | EY41: 95.449998 | EZ41: 57.129207 | FA41: 106.16631 | FD41: 161.76267 | FE41: 64.447314 | FF41: 104.63083 | FG41: 192.85198 | FH41: 46.038443 | FI41: 20.490882 | FJ41: 81.665022 | FK41: 7.3652842 | FL41: 18.1 | FM41: 81.9 | FN41: 187.87602 | FO41: 59.334133 | FP41: 45.426962 | FQ41: 107.09275 | FR41: 27.373879 | FS41: 101.50308 | FT41: 56.929419 | FU41: 91.975889 | FV41: 29.795155 | FW41: 181.8687 | FX41: 27.498306 | FY41: 123.85759 | FZ41: 15.778943 | GA41: 22.500861 | GB41: 31.4 | GC41: 1585.2138 | GD41: 320.3 | GE41: 628 | GF41: 438.99567 | GG41: 826.67955 | GH41: 285.69324 | GI41: 168.1145 | GJ41: 582.57339 | GK41: 114.13008 | GL41: 598.71251 | GM41: 151.15133 | GN41: 479.309 | GO41: 158.83373 | GP41: 1076.3707 | GQ41: 128.8 | GR41: 462.69589 | GS41: 164.52864 | GT41: 569.06078 | GU41: 0.5 | GV41: 173.57949 | GW41: 63.306566 | GX41: 12.36837 | GY41: 39.365748 | GZ41: 106.47079 | HA41: 27.691971 | HB41: 22.842216 | HC41: 35.455592 | HD41: 24.234075 | HE41: 50.628236 | HF41: 13.42128 | HG41: 80.328101 | HH41: 91.954624 | HI41: 29.54162 | HJ41: 56.84434 | HK41: 110.20619 | HL41: 40.078611 | HM41: 11.258252 | HN41: 26.060474 | HO41: 527.82065 | HP41: 26.060474 | HQ41: 250.62477 | HR41: 127.81128 | HS41: 304.30092 | HT41: 32.861837 | HU41: 178.082 | HV41: 40.842723 | HW41: 188.7217 | HX41: 15.632106 | HY41: 157.82375 | HZ41: 76.107502 | IA41: 368.42609 | IB41: 11.7 | IC41: 167.31261 | ID41: 30.093815 | IE41: 91.394488 | IF41: 2 | IG41: 7.911471 | IH41: 125.7596 | II41: 132.03547 | IJ41: 77.507452 | IK41: 188.93059 | IL41: 51.63263 | IM41: 37.930217 | IN41: 100.48579 | IO41: 33.190789 | IP41: 81.602691 | IQ41: 17.277746 | IR41: 157.01626 | IS41: 23.371753 | IT41: 139.98674 | IU41: 20.561685 | IV41: 135.09266 | IW41: 61.265384 | IX41: 14.57254 | IY41: 1.3 | IZ41: 5 | JA41: 95.454294 | JB41: 115.30619 | JC41: 43.106468 | JD41: 141.06054 | JE41: 43.506168 | JF41: 15.455204 | JG41: 24.131407 | JH41: 16.434668 | JI41: 27.222182 | JJ41: 11.053938 | JK41: 70.961635 | JL41: 13.072279 | JM41: 113.20075 | JN41: 14.999803 | JO41: 92.601623 | JP41: 40.572571 | JQ41: 16.88863 | JR41: 0.3 | JS41: 5.9 | JT41: 76.662514 | JU41: 12.84966 | JV41: 42.28726 | JW41: 139.2963 | JX41: 20.736608 | JY41: 34.617869 | JZ41: 49.952158 | KA41: 28.796312 | KB41: 103.56519 | KC41: 19.223778 | KD41: 81.562506 | KE41: 17.501098 | KF41: 110.99186 | KG41: 21.226867 | KH41: 117.91587 | KI41: 14.298346 | KJ41: 218.80314 | KK41: 1 | KL41: 37.469282 | KM41: 112.7008 | KN41: 59.8 | KO41: 78.380056 | KP41: 207.94815 | KQ41: 75.2 | KR41: 82.159784 | KS41: 115 | KT41: 40.3 | KU41: 166.7 | KV41: 49 | KW41: 109.9 | KX41: 39.9 | KY41: 194.7 | KZ41: 32.9 | LA41: 160.7 | LB41: 18.871375 | LC41: 318.52737 | LD41: 2.0586179 | LE41: 60.534756 | LF41: 90.481265 | LG41: 172.91927 | LH41: 76.15321 | LI41: 168.70467 | LJ41: 45.516116 | LK41: 74.782601 | LL41: 52.039282 | LM41: 25.213964 | LN41: 77.3289 | LO41: 23.834638 | LP41: 78.82777 | LQ41: 19.033828 | LR41: 59.37034 | LS41: 19.002443 | LT41: 78.866327 | LU41: 66.710674 | LV41: 53.453295 | LW41: 0.5 | LX41: 220.91402 | LY41: 71.293155 | LZ41: 78.269887 | MA41: 50.502279 | MB41: 139.75717 | MC41: 30.855775 | MD41: 34.159828 | ME41: 74.343717 | MF41: 22.120851 | MG41: 66.985598 | MH41: 18.000649 | MI41: 73.538722 | MJ41: 55.910547 | MK41: 55.910547 | ML41: 100.23114 | MM41: 48.7187 | MN41: 146.85982 | MO41: 3.8 | MP41: 155 | MQ41: 10.69297 | MR41: 67.988031 | MS41: 15.127494 | MT41: 84.457369 | MU41: 36.642257 | MV41: 72.925494 | MW41: 39.229594 | MX41: 374.14014 | MY41: 34.1 | MZ41: 122.1 | NA41: 62.469907 | NB41: 79.072374 | NC41: 42 | ND41: 205.9 | NE41: 1898.6631 | NF41: 335.25794
A42: 37681 | B42: 1.8 | C42: 10.967383 | D42: 120.98705 | E42: 83.73471 | F42: 148.06403 | G42: 252.33219 | H42: 97.281137 | I42: 90.801724 | J42: 116.17566 | K42: 41.817381 | L42: 152.05319 | M42: 58.228899 | N42: 172.66665 | O42: 33.91406 | P42: 172.32922 | Q42: 24.291185 | R42: 179.00569 | S42: 35.421258 | T42: 306.15658 | U42: 1.1 | V42: 67 | W42: 22.6 | X42: 109.53579 | Y42: 92.3 | Z42: 239.8 | AA42: 59.4 | AB42: 38.1 | AC42: 128.16252 | AD42: 19.31531 | AE42: 202.7 | AF42: 49.8 | AG42: 117.1 | AH42: 112.5 | AI42: 303.3 | AJ42: 28 | AK42: 163.8 | AL42: 92.482569 | AM42: 9.243565 | AO42: 15.66239 | AQ42: 519.34265 | AR42: 246.60775 | AS42: 455.18042 | AT42: 160.64122 | AU42: 101.11531 | AV42: 220.83474 | AW42: 42.41584 | AX42: 256.91894 | AY42: 60.528377 | AZ42: 233.709 | BA42: 82.021139 | BB42: 47.463478 | BC42: 239.5542 | BD42: 91.728434 | BE42: 54.140306 | BF42: 153.72158 | BG42: 608.24437 | BH42: 153.72158 | BI42: 298.28942 | BJ42: 169.62712 | BK42: 303.87401 | BL42: 134.8149 | BM42: 101.23533 | BN42: 157.17285 | BO42: 45.068896 | BP42: 152.19427 | BQ42: 191.88524 | BR42: 230.1759 | BS42: 230.1759 | BT42: 17.354993 | BU42: 215.02293 | BV42: 108.81169 | BW42: 347.14382 | BX42: 86.836214 | BY42: 3.9 | BZ42: 14.327057 | CA42: 27.922238 | CB42: 63.273112 | CC42: 121.37891 | CD42: 46.597512 | CE42: 55.481708 | CF42: 70.497388 | CG42: 26.832708 | CH42: 84.390213 | CI42: 17.74386 | CJ42: 76.588426 | CK42: 15.549846 | CL42: 96.633886 | CM42: 18.210919 | CN42: 95.904254 | CO42: 23.277504 | CP42: 164.37297 | CQ42: 83.609434 | CR42: 391.03639 | CS42: 83.609434 | CT42: 315.45455 | CU42: 97.731461 | CV42: 225.2329 | CW42: 61.615129 | CX42: 33.617365 | CY42: 85.85598 | CZ42: 174.81338 | DA42: 48.722399 | DB42: 152.70096 | DC42: 26.517661 | DD42: 155.05197 | DE42: 10.606024 | DF42: 10.606024 | DG42: 64.056758 | DH42: 16.621651 | DI42: 175.88102 | DJ42: 23.446112 | DK42: 119.50414 | DL42: 242.88681 | DM42: 115.48762 | DN42: 175.88102 | DO42: 87.016579 | DP42: 46.641347 | DQ42: 150.97567 | DR42: 12.005964 | DS42: 155.72901 | DT42: 40.210755 | DU42: 207.9547 | DV42: 26.750747 | DW42: 170.67282 | DX42: 4.6852343 | DY42: 27.923109 | DZ42: 3.2 | EA42: 21.72139 | EB42: 215.36872 | EC42: 701.15106 | ED42: 293.7984 | EE42: 550.92506 | EF42: 185.90028 | EG42: 116.3138 | EH42: 245.79804 | EI42: 107.9939 | EJ42: 328.92147 | EK42: 119.08503 | EL42: 372.55405 | EM42: 113.48691 | EN42: 549.60309 | EO42: 96.567777 | EP42: 418.61724 | EQ42: 192.1 | ER42: 42.5 | ET42: 254.68485 | EU42: 121.09102 | EV42: 107.4314 | EW42: 133.2219 | EX42: 282.65909 | EY42: 94.756174 | EZ42: 57.009248 | FA42: 106.29858 | FD42: 162.04605 | FE42: 64.499827 | FF42: 105.13454 | FG42: 192.86687 | FH42: 46.088623 | FI42: 20.594358 | FJ42: 81.507299 | FK42: 7.410173 | FL42: 18.2 | FM42: 81.9 | FN42: 187.70607 | FO42: 58.963683 | FP42: 45.09105 | FQ42: 107.46703 | FR42: 27.458064 | FS42: 101.29148 | FT42: 56.652894 | FU42: 91.672961 | FV42: 29.9117 | FW42: 182.12636 | FX42: 27.436391 | FY42: 123.4812 | FZ42: 15.685696 | GA42: 22.761799 | GB42: 32.1 | GC42: 1582.0073 | GD42: 320.5 | GE42: 625.4 | GF42: 437.96627 | GG42: 825.08432 | GH42: 285.85307 | GI42: 165.87901 | GJ42: 581.25923 | GK42: 113.84539 | GL42: 599.27908 | GM42: 151.28584 | GN42: 478.71328 | GO42: 158.58959 | GP42: 1078.8604 | GQ42: 129.1 | GR42: 461.86484 | GS42: 163.42014 | GT42: 566.75568 | GU42: 0.5 | GV42: 173.29742 | GW42: 63.525177 | GX42: 12.34732 | GY42: 39.425359 | GZ42: 106.35194 | HA42: 27.532614 | HB42: 22.766616 | HC42: 35.439559 | HD42: 24.317766 | HE42: 50.568857 | HF42: 13.430032 | HG42: 79.967461 | HH42: 92.014275 | HI42: 29.595376 | HJ42: 56.934765 | HK42: 110.47604 | HL42: 40.051659 | HM42: 11.260267 | HN42: 25.632386 | HO42: 528.04279 | HP42: 25.632386 | HQ42: 249.55969 | HR42: 127.90071 | HS42: 304.92622 | HT42: 32.405188 | HU42: 178.20398 | HV42: 40.845446 | HW42: 189.52157 | HX42: 15.751574 | HY42: 157.2403 | HZ42: 76.970853 | IA42: 369.40135 | IB42: 11.9 | IC42: 168.38062 | ID42: 29.983451 | IE42: 91.11588 | IF42: 1.9 | IG42: 7.9241028 | IH42: 125.28066 | II42: 131.35073 | IJ42: 77.246055 | IK42: 189.59524 | IL42: 51.498777 | IM42: 37.938039 | IN42: 101.205 | IO42: 33.283958 | IP42: 81.764789 | IQ42: 17.376515 | IR42: 157.49795 | IS42: 23.669617 | IT42: 140.19958 | IU42: 20.470175 | IV42: 134.77198 | IW42: 61.330327 | IX42: 14.741787 | IY42: 1.3 | IZ42: 5 | JA42: 96.755236 | JB42: 115.42038 | JC42: 43.178747 | JD42: 140.89593 | JE42: 44.049395 | JF42: 15.368847 | JG42: 24.36012 | JH42: 16.37687 | JI42: 27.48083 | JJ42: 10.997528 | JK42: 71.576688 | JL42: 13.045346 | JM42: 113.66102 | JN42: 14.950629 | JO42: 92.977383 | JP42: 40.521249 | JQ42: 16.844533 | JR42: 0.3 | JS42: 6.1 | JT42: 77.860496 | JU42: 12.789653 | JV42: 42.474865 | JW42: 139.28866 | JX42: 20.756112 | JY42: 33.825139 | JZ42: 50.022621 | KA42: 28.895455 | KB42: 103.55495 | KC42: 19.296747 | KD42: 80.918609 | KE42: 17.532417 | KF42: 111.08629 | KG42: 21.260222 | KH42: 117.36256 | KI42: 14.266634 | KJ42: 218.6015 | KK42: 1 | KL42: 37.353614 | KM42: 111.83993 | KN42: 59.4 | KO42: 77.859785 | KP42: 206.88786 | KQ42: 74.6 | KR42: 80.528074 | KS42: 114.9 | KT42: 40.4 | KU42: 166.5 | KV42: 48.7 | KW42: 108.8 | KX42: 40.1 | KY42: 195 | KZ42: 33.1 | LA42: 159.7 | LB42: 18.858086 | LC42: 317.50025 | LD42: 2.1100264 | LE42: 60.255088 | LF42: 89.389099 | LG42: 171.58673 | LH42: 76.060591 | LI42: 168.00353 | LJ42: 45.049111 | LK42: 74.425862 | LL42: 51.883045 | LM42: 25.278122 | LN42: 76.967362 | LO42: 23.738333 | LP42: 78.557484 | LQ42: 19.168585 | LR42: 59.439065 | LS42: 19.190946 | LT42: 78.241123 | LU42: 66.326938 | LV42: 53.505371 | LW42: 0.5 | LX42: 220.72274 | LY42: 71.210822 | LZ42: 77.585801 | MA42: 50.058748 | MB42: 139.64533 | MC42: 30.843144 | MD42: 34.022699 | ME42: 74.418383 | MF42: 21.983433 | MG42: 66.743732 | MH42: 18.095731 | MI42: 77.835064 | MJ42: 55.927332 | MK42: 55.927332 | ML42: 100.12906 | MM42: 48.299211 | MN42: 146.73876 | MO42: 3.9 | MP42: 152.4 | MQ42: 10.805511 | MR42: 68.03582 | MS42: 15.092976 | MT42: 83.930154 | MU42: 36.703693 | MV42: 72.497804 | MW42: 39.110079 | MX42: 373.72458 | MY42: 34.1 | MZ42: 120.9 | NA42: 63.436549 | NB42: 79.165651 | NC42: 42.1 | ND42: 204.6 | NE42: 1901.822 | NF42: 336.0641
A43: 37712 | B43: 1.8 | C43: 11.036348 | D43: 120.14349 | E43: 81.731675 | F43: 147.00849 | G43: 252.71193 | H43: 95.766345 | I43: 89.865029 | J43: 115.863 | K43: 41.594027 | L43: 151.01522 | M43: 58.167469 | N43: 173.19148 | O43: 33.74996 | P43: 172.47785 | Q43: 24.07871 | R43: 178.90022 | S43: 34.812923 | T43: 305.46841 | U43: 1.1 | V43: 66.3 | W43: 22.8 | X43: 109.13827 | Y43: 91.1 | Z43: 240.6 | AA43: 58.8 | AB43: 37.9 | AC43: 128.0686 | AD43: 19.420053 | AE43: 202.6 | AF43: 50 | AG43: 123.5 | AH43: 113.1 | AI43: 303.1 | AJ43: 31.1 | AK43: 168 | AL43: 93.257703 | AM43: 9.1739787 | AO43: 15.732892 | AQ43: 517.21863 | AR43: 245.23 | AS43: 455.06577 | AT43: 159.79355 | AU43: 100.40375 | AV43: 221.69764 | AW43: 42.336585 | AX43: 255.47978 | AY43: 61.793227 | AZ43: 233.86666 | BA43: 82.565173 | BB43: 47.645384 | BC43: 241.56866 | BD43: 90.875348 | BE43: 54.114958 | BF43: 154.11164 | BG43: 605.49972 | BH43: 154.11164 | BI43: 297.53961 | BJ43: 169.31111 | BK43: 301.57449 | BL43: 134.39401 | BM43: 100.61106 | BN43: 158.02005 | BO43: 44.718251 | BP43: 152.87477 | BQ43: 191.55277 | BR43: 230.55683 | BS43: 230.55683 | BT43: 17.208335 | BU43: 214.39406 | BV43: 107.72585 | BW43: 348.33333 | BX43: 85.976219 | BY43: 3.6 | BZ43: 14.322283 | CA43: 28.201038 | CB43: 62.971013 | CC43: 120.83091 | CD43: 45.676806 | CE43: 55.022236 | CF43: 70.980364 | CG43: 26.898418 | CH43: 84.27932 | CI43: 17.309837 | CJ43: 76.423829 | CK43: 15.54488 | CL43: 97.239712 | CM43: 18.430472 | CN43: 96.023689 | CO43: 23.319965 | CP43: 163.92298 | CQ43: 83.359575 | CR43: 389.2782 | CS43: 83.359575 | CT43: 306.45195 | CU43: 97.393638 | CV43: 224.61424 | CW43: 60.582793 | CX43: 33.156813 | CY43: 87.833549 | CZ43: 174.69815 | DA43: 47.935891 | DB43: 153.15255 | DC43: 25.790901 | DD43: 155.95283 | DE43: 10.671764 | DF43: 10.671764 | DG43: 64.343903 | DH43: 16.493651 | DI43: 175.50469 | DJ43: 23.538978 | DK43: 119.29302 | DL43: 242.41498 | DM43: 115.42165 | DN43: 175.50469 | DO43: 87.914936 | DP43: 46.728621 | DQ43: 150.54378 | DR43: 12.351382 | DS43: 155.50613 | DT43: 39.987795 | DU43: 208.46865 | DV43: 26.379253 | DW43: 170.80941 | DX43: 1.2811563 | DY43: 28.125399 | DZ43: 3.2 | EA43: 22.167407 | EB43: 215.29234 | EC43: 696.32847 | ED43: 292.91166 | EE43: 550.94843 | EF43: 183.83001 | EG43: 116.94394 | EH43: 248.86763 | EI43: 108.2416 | EJ43: 327.65757 | EK43: 118.00491 | EL43: 372.63331 | EM43: 113.15529 | EN43: 556.14061 | EO43: 97.380256 | EP43: 419.94867 | EQ43: 192 | ER43: 42.4 | ET43: 254.89465 | EU43: 120.5651 | EV43: 105.67558 | EW43: 133.4745 | EX43: 282.69459 | EY43: 94.347749 | EZ43: 56.45689 | FA43: 106.16575 | FD43: 161.56368 | FE43: 63.883497 | FF43: 105.23748 | FG43: 191.83487 | FH43: 46.134931 | FI43: 20.655179 | FJ43: 80.573091 | FK43: 7.3993251 | FL43: 18.3 | FM43: 81.1 | FN43: 188.18793 | FO43: 58.517595 | FP43: 44.993178 | FQ43: 108.70665 | FR43: 27.319114 | FS43: 100.9499 | FT43: 56.019081 | FU43: 90.893906 | FV43: 30.296119 | FW43: 182.05061 | FX43: 27.561505 | FY43: 124.54716 | FZ43: 15.532869 | GA43: 22.506016 | GB43: 32.1 | GC43: 1579.8724 | GD43: 319.2 | GE43: 619.8 | GF43: 436.48733 | GG43: 825.8488 | GH43: 283.36393 | GI43: 164.45881 | GJ43: 580.46536 | GK43: 113.76736 | GL43: 599.12157 | GM43: 151.24878 | GN43: 478.67231 | GO43: 158.67192 | GP43: 1079.9874 | GQ43: 127.9 | GR43: 462.94656 | GS43: 162.93179 | GT43: 566.24227 | GU43: 0.5 | GV43: 172.83479 | GW43: 63.914095 | GX43: 12.26374 | GY43: 39.373331 | GZ43: 106.25515 | HA43: 27.049568 | HB43: 22.689275 | HC43: 35.712029 | HD43: 24.176811 | HE43: 50.675394 | HF43: 13.575878 | HG43: 81.106851 | HH43: 92.476477 | HI43: 29.537091 | HJ43: 56.601379 | HK43: 111.04638 | HL43: 39.740775 | HM43: 11.233774 | HN43: 25.384156 | HO43: 529.68945 | HP43: 25.384156 | HQ43: 247.37684 | HR43: 127.42062 | HS43: 306.90293 | HT43: 32.30634 | HU43: 178.50607 | HV43: 40.734053 | HW43: 189.32089 | HX43: 15.825247 | HY43: 158.75787 | HZ43: 77.375861 | IA43: 368.683 | IB43: 12.6 | IC43: 167.07442 | ID43: 29.589929 | IE43: 90.950761 | IF43: 2 | IG43: 7.8924014 | IH43: 125.66229 | II43: 132.40003 | IJ43: 77.10087 | IK43: 189.38855 | IL43: 51.208383 | IM43: 37.738708 | IN43: 101.28578 | IO43: 33.163674 | IP43: 81.490914 | IQ43: 17.434365 | IR43: 156.90327 | IS43: 24.000427 | IT43: 141.61054 | IU43: 20.548301 | IV43: 134.98514 | IW43: 61.240694 | IX43: 14.557716 | IY43: 1.3 | IZ43: 5 | JA43: 96.250336 | JB43: 115.71396 | JC43: 43.271674 | JD43: 140.80171 | JE43: 44.555014 | JF43: 15.238794 | JG43: 24.881711 | JH43: 16.674004 | JI43: 27.241295 | JJ43: 10.88203 | JK43: 72.096554 | JL43: 13.152013 | JM43: 114.68007 | JN43: 14.871486 | JO43: 92.388857 | JP43: 40.251941 | JQ43: 16.767382 | JR43: 0.3 | JS43: 6 | JT43: 77.803041 | JU43: 12.553031 | JV43: 42.256819 | JW43: 139.5939 | JX43: 20.913228 | JY43: 33.508201 | JZ43: 50.780295 | KA43: 28.833221 | KB43: 104.79692 | KC43: 19.104544 | KD43: 80.497347 | KE43: 19.149105 | KF43: 111.49463 | KG43: 21.325678 | KH43: 117.00848 | KI43: 14.132028 | KJ43: 218.07536 | KK43: 1 | KL43: 36.928253 | KM43: 110.21255 | KN43: 59.1 | KO43: 77.055073 | KP43: 205.10707 | KQ43: 73.1 | KR43: 79.971526 | KS43: 114.7 | KT43: 40.1 | KU43: 166 | KV43: 48.8 | KW43: 108.5 | KX43: 40.3 | KY43: 198.7 | KZ43: 32.6 | LA43: 159.4 | LB43: 18.832271 | LC43: 315.60725 | LD43: 1.9192593 | LE43: 60.129537 | LF43: 90.714767 | LG43: 169.94528 | LH43: 75.925872 | LI43: 167.58674 | LJ43: 44.586028 | LK43: 74.430454 | LL43: 51.730431 | LM43: 25.337124 | LN43: 76.868704 | LO43: 23.776815 | LP43: 78.503179 | LQ43: 19.347819 | LR43: 59.490532 | LS43: 19.170562 | LT43: 78.626212 | LU43: 66.633866 | LV43: 53.632043 | LW43: 0.5 | LX43: 220.89367 | LY43: 71.204646 | LZ43: 77.100196 | MA43: 50.423594 | MB43: 139.74256 | MC43: 30.845656 | MD43: 34.529497 | ME43: 74.365916 | MF43: 22.037519 | MG43: 66.436837 | MH43: 18.167645 | MI43: 76.358753 | MJ43: 56.220084 | MK43: 56.220084 | ML43: 99.913779 | MM43: 47.883641 | MN43: 146.10762 | MO43: 3.9 | MP43: 154.6 | MQ43: 10.727161 | MR43: 67.735199 | MS43: 14.985097 | MT43: 83.374156 | MU43: 36.622383 | MV43: 73.605056 | MW43: 39.744523 | MX43: 377.13176 | MY43: 34.1 | MZ43: 121.2 | NA43: 62.005609 | NB43: 79.839577 | NC43: 42.1 | ND43: 204.4 | NE43: 1914.1441 | NF43: 336.78819
A44: 37742 | B44: 1.7 | C44: 11.03335 | D44: 120.30234 | E44: 82.011321 | F44: 147.56535 | G44: 252.97813 | H44: 95.464209 | I44: 89.258621 | J44: 116.59492 | K44: 41.877594 | L44: 150.10659 | M44: 57.869757 | N44: 172.96262 | O44: 33.946849 | P44: 173.40278 | Q44: 24.480037 | R44: 179.60043 | S44: 34.444489 | T44: 304.91112 | U44: 1.1 | V44: 66.3 | W44: 23 | X44: 108.4519 | Y44: 91.4 | Z44: 242.5 | AA44: 58.7 | AB44: 37.7 | AC44: 127.93174 | AD44: 19.59659 | AE44: 200 | AF44: 50.1 | AG44: 126.6 | AH44: 110.8 | AI44: 303.9 | AJ44: 35.5 | AK44: 173.8 | AL44: 93.466872 | AM44: 9.2116729 | AO44: 15.676941 | AQ44: 514.07581 | AR44: 244.51738 | AS44: 454.1122 | AT44: 159.89787 | AU44: 99.808379 | AV44: 222.31011 | AW44: 42.061489 | AX44: 255.7769 | AY44: 61.359951 | AZ44: 234.44422 | BA44: 82.971391 | BB44: 47.321747 | BC44: 242.34396 | BD44: 91.717693 | BE44: 53.981963 | BF44: 154.40705 | BG44: 602.493 | BH44: 154.40705 | BI44: 296.57226 | BJ44: 168.51408 | BK44: 300.1935 | BL44: 133.53473 | BM44: 100.00452 | BN44: 158.48064 | BO44: 44.728452 | BP44: 152.78169 | BQ44: 191.74694 | BR44: 231.02866 | BS44: 231.02866 | BT44: 17.417282 | BU44: 214.35341 | BV44: 107.77547 | BW44: 349.11783 | BX44: 86.227312 | BY44: 3.6 | BZ44: 14.272492 | CA44: 27.944909 | CB44: 62.676064 | CC44: 120.52459 | CD44: 44.882542 | CE44: 54.661001 | CF44: 71.292784 | CG44: 26.834737 | CH44: 84.162109 | CI44: 17.44601 | CJ44: 76.697826 | CK44: 15.531779 | CL44: 97.248026 | CM44: 18.569533 | CN44: 95.722322 | CO44: 23.369694 | CP44: 164.7227 | CQ44: 86.009348 | CR44: 387.93838 | CS44: 86.009348 | CT44: 304.86904 | CU44: 96.397386 | CV44: 224.57999 | CW44: 60.421644 | CX44: 32.995626 | CY44: 87.977712 | CZ44: 174.74645 | DA44: 48.266831 | DB44: 153.52102 | DC44: 26.742988 | DD44: 156.15953 | DE44: 10.883079 | DF44: 10.883079 | DG44: 64.646536 | DH44: 16.475832 | DI44: 176.31692 | DJ44: 23.463697 | DK44: 119.52645 | DL44: 241.77037 | DM44: 113.03671 | DN44: 176.31692 | DO44: 88.300149 | DP44: 46.825493 | DQ44: 150.17417 | DR44: 12.771105 | DS44: 154.64254 | DT44: 39.972037 | DU44: 209.23766 | DV44: 26.775825 | DW44: 171.64676 | DX44: 4.2549619 | DY44: 28.030669 | DZ44: 3.2 | EA44: 22.335122 | EB44: 216.82926 | EC44: 692.9389 | ED44: 292.61509 | EE44: 551.42054 | EF44: 183.44457 | EG44: 120.65092 | EH44: 250.50707 | EI44: 108.9061 | EJ44: 327.1027 | EK44: 117.20648 | EL44: 371.95679 | EM44: 112.73497 | EN44: 560.4239 | EO44: 97.834796 | EP44: 421.15945 | EQ44: 192 | ER44: 42.3 | ET44: 254.04903 | EU44: 121.3721 | EV44: 104.45069 | EW44: 133.34536 | EX44: 282.65774 | EY44: 93.723896 | EZ44: 56.277985 | FA44: 106.32536 | FD44: 158.19356 | FE44: 64.031261 | FF44: 105.25418 | FG44: 192.0256 | FH44: 46.3142 | FI44: 20.535813 | FJ44: 81.982166 | FK44: 7.3862976 | FL44: 18.6 | FM44: 81.6 | FN44: 188.19992 | FO44: 58.30857 | FP44: 44.738917 | FQ44: 109.10862 | FR44: 27.432442 | FS44: 100.7348 | FT44: 56.233898 | FU44: 90.727981 | FV44: 30.195146 | FW44: 182.61014 | FX44: 28.228903 | FY44: 125.09068 | FZ44: 15.532511 | GA44: 22.523118 | GB44: 33.6 | GC44: 1577.9316 | GD44: 320 | GE44: 615.8 | GF44: 436.38896 | GG44: 825.95376 | GH44: 282.51829 | GI44: 165.66698 | GJ44: 580.86478 | GK44: 113.9287 | GL44: 599.68177 | GM44: 150.86902 | GN44: 478.40521 | GO44: 158.77155 | GP44: 1080.9331 | GQ44: 128.6 | GR44: 463.65411 | GS44: 162.8984 | GT44: 565.24169 | GU44: 0.5 | GV44: 172.28624 | GW44: 64.472362 | GX44: 12.228107 | GY44: 39.371456 | GZ44: 106.20981 | HA44: 26.811452 | HB44: 22.93642 | HC44: 35.786872 | HD44: 24.042489 | HE44: 50.930318 | HF44: 13.782737 | HG44: 78.891832 | HH44: 92.973009 | HI44: 29.551797 | HJ44: 56.226 | HK44: 111.86441 | HL44: 39.588223 | HM44: 11.242097 | HN44: 25.279335 | HO44: 529.06496 | HP44: 25.279335 | HQ44: 246.07155 | HR44: 127.34173 | HS44: 306.83572 | HT44: 32.024089 | HU44: 178.81081 | HV44: 40.763045 | HW44: 189.41886 | HX44: 15.746265 | HY44: 158.07499 | HZ44: 77.612698 | IA44: 368.08278 | IB44: 13 | IC44: 167.74688 | ID44: 29.424414 | IE44: 91.392901 | IF44: 2 | IG44: 7.8933071 | IH44: 126.4299 | II44: 131.70055 | IJ44: 77.255551 | IK44: 190.03658 | IL44: 50.934951 | IM44: 37.576025 | IN44: 101.80437 | IO44: 33.236062 | IP44: 81.725646 | IQ44: 17.675871 | IR44: 158.21244 | IS44: 24.180583 | IT44: 142.05505 | IU44: 20.741691 | IV44: 135.15728 | IW44: 61.210614 | IX44: 14.739657 | IY44: 1.2 | IZ44: 5 | JA44: 98.467739 | JB44: 115.57098 | JC44: 43.373087 | JD44: 141.33929 | JE44: 45.03753 | JF44: 15.280408 | JG44: 25.138712 | JH44: 16.830242 | JI44: 27.475356 | JJ44: 11.006631 | JK44: 72.928253 | JL44: 13.04216 | JM44: 115.25399 | JN44: 14.375005 | JO44: 93.068627 | JP44: 40.470424 | JQ44: 16.94016 | JR44: 0.3 | JS44: 6 | JT44: 78.787599 | JU44: 12.510194 | JV44: 42.368114 | JW44: 139.77899 | JX44: 20.926181 | JY44: 33.276204 | JZ44: 51.204008 | KA44: 29.002604 | KB44: 104.29532 | KC44: 18.988697 | KD44: 80.056562 | KE44: 19.199259 | KF44: 111.79715 | KG44: 21.288457 | KH44: 117.064 | KI44: 14.142054 | KJ44: 217.64793 | KK44: 1 | KL44: 36.711192 | KM44: 109.52861 | KN44: 58.5 | KO44: 76.734101 | KP44: 204.95892 | KQ44: 72.5 | KR44: 79.447978 | KS44: 114.7 | KT44: 40.2 | KU44: 165.4 | KV44: 48.7 | KW44: 107.8 | KX44: 39.9 | KY44: 200.1 | KZ44: 32.5 | LA44: 159 | LB44: 18.707893 | LC44: 315.15178 | LD44: 1.7957904 | LE44: 59.970606 | LF44: 91.38138 | LG44: 168.82445 | LH44: 75.788885 | LI44: 167.28266 | LJ44: 44.525479 | LK44: 74.533729 | LL44: 52.038582 | LM44: 25.350021 | LN44: 76.230867 | LO44: 23.913228 | LP44: 78.393239 | LQ44: 19.108654 | LR44: 59.609274 | LS44: 19.115713 | LT44: 78.848709 | LU44: 66.951391 | LV44: 53.728652 | LW44: 0.5 | LX44: 221.2059 | LY44: 71.730147 | LZ44: 76.722633 | MA44: 50.221577 | MB44: 140.18077 | MC44: 30.92777 | MD44: 34.330169 | ME44: 74.690633 | MF44: 21.946636 | MG44: 66.421588 | MH44: 18.150896 | MI44: 75.315387 | MJ44: 56.569327 | MK44: 56.569327 | ML44: 99.808681 | MM44: 47.606642 | MN44: 146.42114 | MO44: 3.9 | MP44: 154.8 | MQ44: 10.926596 | MR44: 67.826869 | MS44: 15.079815 | MT44: 83.361207 | MU44: 36.674155 | MV44: 73.616342 | MW44: 39.857838 | MX44: 377.89519 | MY44: 34 | MZ44: 121.4 | NA44: 61.32368 | NB44: 79.558993 | NC44: 41.8 | ND44: 205.3 | NE44: 1917.3837 | NF44: 337.09507
A45: 37773 | B45: 1.8 | C45: 11.022399 | D45: 120.53457 | E45: 81.786989 | F45: 147.25471 | G45: 252.69542 | H45: 95.458963 | I45: 88.95836 | J45: 117.08234 | K45: 42.103908 | L45: 149.6629 | M45: 57.956695 | N45: 173.10165 | O45: 33.904871 | P45: 173.69661 | Q45: 24.30116 | R45: 179.82418 | S45: 33.905611 | T45: 302.26191 | U45: 1.1 | V45: 65.9 | W45: 23.2 | X45: 107.86815 | Y45: 91.7 | Z45: 246.1 | AA45: 58.4 | AB45: 37.8 | AC45: 127.33643 | AD45: 19.233317 | AE45: 201.4 | AF45: 50.6 | AG45: 127.7 | AH45: 106.7 | AI45: 304.8 | AJ45: 38.7 | AK45: 177.3 | AL45: 93.186219 | AM45: 9.2145975 | AO45: 15.671198 | AQ45: 510.41827 | AR45: 243.52545 | AS45: 453.69628 | AT45: 159.59842 | AU45: 99.135242 | AV45: 223.00967 | AW45: 41.923965 | AX45: 253.51254 | AY45: 61.167566 | AZ45: 233.85842 | BA45: 83.35369 | BB45: 47.128606 | BC45: 244.59571 | BD45: 91.727262 | BE45: 53.413036 | BF45: 153.73293 | BG45: 599.85542 | BH45: 153.73293 | BI45: 295.20814 | BJ45: 168.04052 | BK45: 299.05302 | BL45: 132.46287 | BM45: 99.284513 | BN45: 158.74256 | BO45: 44.627917 | BP45: 152.34589 | BQ45: 192.0479 | BR45: 230.93689 | BS45: 230.93689 | BT45: 17.250714 | BU45: 214.58874 | BV45: 107.49762 | BW45: 350.5121 | BX45: 85.976149 | BY45: 3.6 | BZ45: 14.177725 | CA45: 27.851219 | CB45: 62.457467 | CC45: 120.38266 | CD45: 44.408401 | CE45: 54.198165 | CF45: 71.403353 | CG45: 26.84198 | CH45: 84.160837 | CI45: 17.391692 | CJ45: 76.816771 | CK45: 15.638432 | CL45: 97.461099 | CM45: 18.2686 | CN45: 95.551234 | CO45: 23.552793 | CP45: 164.57171 | CQ45: 86.789175 | CR45: 387.11734 | CS45: 86.789175 | CT45: 305.02463 | CU45: 96.729184 | CV45: 223.99675 | CW45: 60.044506 | CX45: 33.121351 | CY45: 88.006649 | CZ45: 174.70415 | DA45: 48.368961 | DB45: 152.92806 | DC45: 26.115689 | DD45: 156.9649 | DE45: 10.737453 | DF45: 10.737453 | DG45: 64.521174 | DH45: 16.364195 | DI45: 175.85752 | DJ45: 23.356134 | DK45: 119.71532 | DL45: 241.9827 | DM45: 113.21195 | DN45: 175.85752 | DO45: 88.626176 | DP45: 46.57949 | DQ45: 149.35847 | DR45: 12.750154 | DS45: 153.34725 | DT45: 39.507159 | DU45: 209.43523 | DV45: 26.324652 | DW45: 172.10802 | DX45: -0.99674343 | DY45: 27.816585 | DZ45: 3.2 | EA45: 22.518216 | EB45: 217.79653 | EC45: 689.35856 | ED45: 292.02272 | EE45: 551.20546 | EF45: 182.81513 | EG45: 116.71928 | EH45: 251.89639 | EI45: 108.91108 | EJ45: 326.92446 | EK45: 116.47184 | EL45: 371.53475 | EM45: 113.61367 | EN45: 563.20006 | EO45: 97.877588 | EP45: 422.50319 | EQ45: 192 | ER45: 42.3 | ET45: 253.33197 | EU45: 121.35807 | EV45: 103.91341 | EW45: 133.67336 | EX45: 282.09892 | EY45: 93.571455 | EZ45: 56.157992 | FA45: 106.45215 | FD45: 156.37023 | FE45: 64.070182 | FF45: 105.37426 | FG45: 192.10458 | FH45: 46.425714 | FI45: 20.422133 | FJ45: 82.567515 | FK45: 7.2719844 | FL45: 19.6 | FM45: 82.1 | FN45: 187.44553 | FO45: 57.944037 | FP45: 44.099752 | FQ45: 108.66523 | FR45: 27.657429 | FS45: 100.54748 | FT45: 56.09556 | FU45: 90.11275 | FV45: 30.735866 | FW45: 182.95147 | FX45: 27.588914 | FY45: 124.70328 | FZ45: 15.586567 | GA45: 22.225764 | GB45: 34.3 | GC45: 1575.2893 | GD45: 319.6 | GE45: 612.6 | GF45: 435.44235 | GG45: 825.15664 | GH45: 282.15778 | GI45: 163.32038 | GJ45: 579.95483 | GK45: 113.66502 | GL45: 598.77946 | GM45: 150.70445 | GN45: 478.07757 | GO45: 159.62498 | GP45: 1083.2782 | GQ45: 127.7 | GR45: 463.9212 | GS45: 163.23978 | GT45: 564.8262 | GU45: 0.5 | GV45: 172.45696 | GW45: 65.008331 | GX45: 12.260201 | GY45: 39.478169 | GZ45: 106.45615 | HA45: 26.551335 | HB45: 23.048206 | HC45: 36.102758 | HD45: 24.141818 | HE45: 51.288974 | HF45: 13.704513 | HG45: 77.550718 | HH45: 93.427463 | HI45: 29.612786 | HJ45: 56.128601 | HK45: 112.94192 | HL45: 39.536986 | HM45: 11.238596 | HN45: 24.848436 | HO45: 529.25685 | HP45: 24.848436 | HQ45: 245.03548 | HR45: 127.21074 | HS45: 307.63177 | HT45: 32.044084 | HU45: 178.95347 | HV45: 40.49008 | HW45: 189.44045 | HX45: 15.664026 | HY45: 157.22754 | HZ45: 79.026713 | IA45: 369.35716 | IB45: 13.4 | IC45: 167.2074 | ID45: 29.29223 | IE45: 91.34677 | IF45: 2 | IG45: 7.8552224 | IH45: 126.81343 | II45: 131.19418 | IJ45: 77.099548 | IK45: 190.13327 | IL45: 50.614582 | IM45: 37.542007 | IN45: 102.14607 | IO45: 33.297141 | IP45: 81.706318 | IQ45: 17.797418 | IR45: 157.70316 | IS45: 24.454045 | IT45: 142.37301 | IU45: 20.592713 | IV45: 134.6639 | IW45: 60.776816 | IX45: 14.984345 | IY45: 1.2 | IZ45: 5 | JA45: 98.666194 | JB45: 115.678 | JC45: 43.243332 | JD45: 141.73859 | JE45: 45.306055 | JF45: 15.322489 | JG45: 25.467967 | JH45: 17.04625 | JI45: 27.291085 | JJ45: 10.989802 | JK45: 73.769425 | JL45: 13.255206 | JM45: 116.08879 | JN45: 14.703229 | JO45: 93.915294 | JP45: 40.806385 | JQ45: 17.022545 | JR45: 0.3 | JS45: 6.1 | JT45: 79.751094 | JU45: 12.285508 | JV45: 42.442566 | JW45: 140.02493 | JX45: 20.955901 | JY45: 33.08591 | JZ45: 51.460795 | KA45: 28.95186 | KB45: 103.71303 | KC45: 19.011695 | KD45: 80.364543 | KE45: 19.215846 | KF45: 112.40052 | KG45: 20.674789 | KH45: 117.40506 | KI45: 14.106583 | KJ45: 217.35156 | KK45: 1 | KL45: 37.350881 | KM45: 109.04366 | KN45: 58.2 | KO45: 76.210606 | KP45: 204.51934 | KQ45: 71.9 | KR45: 78.845973 | KS45: 114.2 | KT45: 39.9 | KU45: 165.3 | KV45: 48.3 | KW45: 107.5 | KX45: 39.9 | KY45: 200.9 | KZ45: 32.9 | LA45: 159.6 | LB45: 19.055898 | LC45: 314.94399 | LD45: 1.7790025 | LE45: 59.857284 | LF45: 91.725267 | LG45: 167.79737 | LH45: 75.551724 | LI45: 167.35008 | LJ45: 44.463004 | LK45: 74.275771 | LL45: 52.087194 | LM45: 25.278423 | LN45: 75.803194 | LO45: 23.711864 | LP45: 78.529544 | LQ45: 19.089756 | LR45: 59.935939 | LS45: 19.348572 | LT45: 79.337679 | LU45: 67.434976 | LV45: 53.95561 | LW45: 0.5 | LX45: 221.25339 | LY45: 72.306006 | LZ45: 76.174363 | MA45: 50.118561 | MB45: 140.29602 | MC45: 30.824632 | MD45: 33.986157 | ME45: 74.910383 | MF45: 21.956166 | MG45: 66.459309 | MH45: 18.416347 | MI45: 74.530645 | MJ45: 56.849493 | MK45: 56.849493 | ML45: 100.37677 | MM45: 47.458789 | MN45: 145.71705 | MO45: 4 | MP45: 155.8 | MQ45: 11.58931 | MR45: 67.859073 | MS45: 15.017131 | MT45: 82.963109 | MU45: 36.719475 | MV45: 73.710333 | MW45: 39.838972 | MX45: 378.83165 | MY45: 33.8 | MZ45: 121.4 | NA45: 61.244027 | NB45: 79.89835 | NC45: 42 | ND45: 206.3 | NE45: 1919.2167 | NF45: 336.35639
A46: 37803 | B46: 1.8 | C46: 10.935696 | D46: 121.0328 | E46: 81.238713 | F46: 146.95931 | G46: 253.90018 | H46: 95.487802 | I46: 88.266337 | J46: 117.08554 | K46: 42.182266 | L46: 150.15145 | M46: 58.049843 | N46: 172.10022 | O46: 33.994054 | P46: 173.59814 | Q46: 24.162347 | R46: 182.80392 | S46: 33.806797 | T46: 303.79524 | U46: 1.2 | V46: 65.2 | W46: 22.7 | X46: 107.2902 | Y46: 91.3 | Z46: 243.4 | AA46: 57.8 | AB46: 37 | AC46: 126.83287 | AD46: 19.047875 | AE46: 201.5 | AF46: 50.8 | AG46: 128 | AH46: 104.5 | AI46: 303.4 | AJ46: 41.4 | AK46: 176.1 | AL46: 93.349073 | AM46: 9.3857266 | AO46: 15.588422 | AQ46: 506.81154 | AR46: 242.98848 | AS46: 453.05118 | AT46: 159.11282 | AU46: 99.030183 | AV46: 222.96193 | AW46: 41.858757 | AX46: 252.55682 | AY46: 61.208869 | AZ46: 233.30314 | BA46: 84.519308 | BB46: 47.275867 | BC46: 243.24717 | BD46: 93.637456 | BE46: 53.114826 | BF46: 154.73812 | BG46: 596.9226 | BH46: 154.73812 | BI46: 293.54997 | BJ46: 167.47332 | BK46: 297.8637 | BL46: 131.33628 | BM46: 99.512151 | BN46: 159.14784 | BO46: 44.571685 | BP46: 151.84557 | BQ46: 193.87965 | BR46: 231.8657 | BS46: 231.8657 | BT46: 17.130719 | BU46: 214.79301 | BV46: 108.61425 | BW46: 348.91463 | BX46: 85.453081 | BY46: 3.6 | BZ46: 14.165212 | CA46: 27.680318 | CB46: 62.282709 | CC46: 120.38843 | CD46: 44.540267 | CE46: 54.259138 | CF46: 71.753801 | CG46: 26.902552 | CH46: 84.154248 | CI46: 17.460716 | CJ46: 76.562535 | CK46: 15.700751 | CL46: 97.913143 | CM46: 18.437819 | CN46: 95.86608 | CO46: 23.863232 | CP46: 164.10552 | CQ46: 85.846234 | CR46: 385.44004 | CS46: 85.846234 | CT46: 284.60653 | CU46: 95.789996 | CV46: 223.18033 | CW46: 59.520657 | CX46: 32.519908 | CY46: 87.489644 | CZ46: 174.4323 | DA46: 48.474331 | DB46: 151.05588 | DC46: 26.023372 | DD46: 155.21756 | DE46: 10.761945 | DF46: 10.761945 | DG46: 64.93978 | DH46: 16.255993 | DI46: 174.25065 | DJ46: 23.237443 | DK46: 119.85553 | DL46: 241.73982 | DM46: 113.16906 | DN46: 174.25065 | DO46: 88.414327 | DP46: 46.570128 | DQ46: 149.2518 | DR46: 12.976464 | DS46: 151.36561 | DT46: 39.756631 | DU46: 209.80347 | DV46: 25.792551 | DW46: 172.19106 | DX46: 2.3528655 | DY46: 27.752387 | DZ46: 3.2 | EA46: 22.521016 | EB46: 217.01765 | EC46: 685.56362 | ED46: 291.42971 | EE46: 550.51228 | EF46: 182.21723 | EG46: 119.84223 | EH46: 253.25196 | EI46: 109.30123 | EJ46: 326.50276 | EK46: 115.00602 | EL46: 371.48595 | EM46: 114.43563 | EN46: 565.99791 | EO46: 98.942729 | EP46: 423.42688 | EQ46: 191.2 | ER46: 42.1 | ET46: 252.97213 | EU46: 121.9817 | EV46: 102.46834 | EW46: 134.64513 | EX46: 282.6678 | EY46: 92.332672 | EZ46: 56.442206 | FA46: 106.53657 | FD46: 154.72585 | FE46: 64.28824 | FF46: 104.83227 | FG46: 192.65274 | FH46: 46.291677 | FI46: 20.411779 | FJ46: 82.54942 | FK46: 7.3055651 | FL46: 20.1 | FM46: 82.3 | FN46: 185.60213 | FO46: 57.683388 | FP46: 43.905646 | FQ46: 108.844 | FR46: 27.674033 | FS46: 100.67364 | FT46: 57.034482 | FU46: 89.906762 | FV46: 30.684643 | FW46: 183.284 | FX46: 27.464775 | FY46: 125.34502 | FZ46: 15.578516 | GA46: 22.340035 | GB46: 34.8 | GC46: 1574.2896 | GD46: 320.4 | GE46: 606.2 | GF46: 435.26994 | GG46: 824.68145 | GH46: 281.70029 | GI46: 162.26765 | GJ46: 579.63658 | GK46: 113.7105 | GL46: 598.74214 | GM46: 150.83058 | GN46: 481.05082 | GO46: 161.87896 | GP46: 1083.7444 | GQ46: 127.7 | GR46: 467.04546 | GS46: 164.2776 | GT46: 559.85796 | GU46: 0.5 | GV46: 173.70131 | GW46: 65.39024 | GX46: 12.086292 | GY46: 39.734975 | GZ46: 107.29649 | HA46: 26.833765 | HB46: 22.845268 | HC46: 36.3481 | HD46: 23.998652 | HE46: 51.739295 | HF46: 14.080778 | HG46: 75.419522 | HH46: 93.940464 | HI46: 29.713968 | HJ46: 56.197604 | HK46: 114.2109 | HL46: 39.624219 | HM46: 11.174526 | HN46: 25.316768 | HO46: 528.37806 | HP46: 25.316768 | HQ46: 242.83904 | HR46: 126.62257 | HS46: 307.47579 | HT46: 32.10216 | HU46: 179.41984 | HV46: 40.15171 | HW46: 189.55105 | HX46: 15.8515 | HY46: 157.61317 | HZ46: 77.760196 | IA46: 369.07122 | IB46: 13.5 | IC46: 169.82025 | ID46: 28.887507 | IE46: 92.21098 | IF46: 2 | IG46: 7.919054 | IH46: 127.24781 | II46: 130.4367 | IJ46: 76.156679 | IK46: 191.85451 | IL46: 50.473945 | IM46: 37.353743 | IN46: 102.69606 | IO46: 33.077547 | IP46: 81.373048 | IQ46: 17.842768 | IR46: 157.81894 | IS46: 24.497071 | IT46: 143.37736 | IU46: 20.613644 | IV46: 134.86472 | IW46: 62.410421 | IX46: 14.658677 | IY46: 1.2 | IZ46: 5 | JA46: 98.285953 | JB46: 115.68952 | JC46: 42.54267 | JD46: 142.39048 | JE46: 45.45267 | JF46: 15.480373 | JG46: 25.834308 | JH46: 17.136446 | JI46: 26.895614 | JJ46: 10.90569 | JK46: 77.089561 | JL46: 12.622765 | JM46: 116.43874 | JN46: 14.886405 | JO46: 94.076355 | JP46: 41.063717 | JQ46: 17.038437 | JR46: 0.2 | JS46: 6.1 | JT46: 81.287838 | JU46: 12.58241 | JV46: 42.471592 | JW46: 140.90714 | JX46: 21.122354 | JY46: 33.239567 | JZ46: 51.789088 | KA46: 28.673176 | KB46: 103.67922 | KC46: 19.032145 | KD46: 80.385078 | KE46: 19.145533 | KF46: 112.26915 | KG46: 21.302719 | KH46: 117.65708 | KI46: 14.057918 | KJ46: 217.73415 | KK46: 1 | KL46: 36.295609 | KM46: 108.9163 | KN46: 57.8 | KO46: 75.839461 | KP46: 204.27499 | KQ46: 71.1 | KR46: 78.476701 | KS46: 113.4 | KT46: 39.5 | KU46: 165 | KV46: 47.8 | KW46: 108.2 | KX46: 40.4 | KY46: 200.5 | KZ46: 32.7 | LA46: 159.1 | LB46: 19.225185 | LC46: 312.6017 | LD46: 1.6718316 | LE46: 60.1419 | LF46: 92.006134 | LG46: 166.6106 | LH46: 75.828389 | LI46: 168.54063 | LJ46: 44.693649 | LK46: 74.347376 | LL46: 52.773203 | LM46: 25.322835 | LN46: 75.502928 | LO46: 23.613968 | LP46: 79.456483 | LQ46: 19.310879 | LR46: 60.21762 | LS46: 19.661657 | LT46: 79.335457 | LU46: 67.444575 | LV46: 53.646674 | LW46: 0.5 | LX46: 222.05824 | LY46: 71.890103 | LZ46: 75.826779 | MA46: 50.038703 | MB46: 140.75027 | MC46: 31.325156 | MD46: 33.967648 | ME46: 75.224911 | MF46: 21.906951 | MG46: 66.275863 | MH46: 17.552898 | MI46: 75.177378 | MJ46: 56.534575 | MK46: 56.534575 | ML46: 100.37626 | MM46: 47.486171 | MN46: 146.32214 | MO46: 4 | MP46: 156.1 | MQ46: 11.117229 | MR46: 67.162581 | MS46: 14.976938 | MT46: 83.662739 | MU46: 37.350046 | MV46: 74.160883 | MW46: 40.046865 | MX46: 380.51118 | MY46: 33.6 | MZ46: 123 | NA46: 61.754083 | NB46: 79.68469 | NC46: 42.5 | ND46: 206.1 | NE46: 1924.3743 | NF46: 336.1128
